p_img,p_tab,e_img,e_tab,label
0.6016097093702724,0.9610332748120967,0.9700011832959705,0.23753443910990768,1
0.38400525561890275,0.1395930371973094,0.9608217586401842,0.583172019686637,0
0.39532750710176745,0.5359111900521782,0.9681516558403254,0.9962757560394332,0
0.3440849451316606,0.18475100381895912,0.9286741792687556,0.6903609034594382,0
0.6221509310582265,0.10666347870252584,0.9565087111472899,0.48976923902760905,0
0.34890580867864657,0.04958842720047039,0.9330870517067456,0.28464604654837405,0
0.3460420449675491,0.3479920111185319,0.9304835074734601,0.9322619551388913,0
0.6024421616389086,0.050502607704311905,0.9695040832806616,0.28852817405782394,0
0.620287173835709,0.9609172032529174,0.9578389477835878,0.23807092627743326,1
0.4105948493403995,0.06458343739624199,0.9768117638043257,0.34537693520408874,0
0.6474703125644933,0.6483505847029538,0.936307012500409,0.9355325030573689,1
0.6487333028031337,0.9597168895111804,0.93519423865679,0.24358873779521334,1
0.6488026840330741,0.692245543582182,0.9351328169574361,0.8905643364882008,0
0.6423993355434656,0.05338220750730007,0.9406735194847183,0.30059419870950654,0
0.641197499890364,0.9609115587737924,0.9416846826958927,0.23809700206692813,1
0.6369439318624593,0.9609120315473684,0.9451907502214746,0.23809481804269636,1
0.6485971912677224,0.9603010329418475,0.9353146467134421,0.2409102579039065,1
0.4880285938266663,0.07475054864816126,0.9995864420554903,0.38340676230685444,0
0.3492977744656377,0.9610557284545709,0.9334393443773428,0.23743059765119942,1
0.6363059571728754,0.9610375851548348,0.9457068618086854,0.23751450655569598,1
0.459848788095502,0.04948308841936006,0.9953433932432444,0.284197083141219,0
0.4174783664109592,0.05029795787849478,0.98026082247056,0.2876613148957031,0
0.4149846541559275,0.9610656843845006,0.9790438629251019,0.2373845482002665,1
0.3966240415360896,0.3330157792910953,0.9689414976309779,0.9179779526253138,0
0.3610097806284017,0.8168150634375185,0.9435181918204211,0.6869951503817735,0
0.34660249065803156,0.3876818779908522,0.9309971360598959,0.9632872774348451,1
0.45196697899919247,0.916198361401591,0.9933326340244668,0.4154348528981108,1
0.6129881596619443,0.9609575293080321,0.962844084663314,0.2378845964598561,1
0.41786521433470236,0.9607975397181638,0.9804463016696296,0.23862347388304922,1
0.4384034314287948,0.8629177109229652,0.9890245734548375,0.576546286143523,1
0.473242454807204,0.049521464011364716,0.9979331709762769,0.2843606827583163,0
0.5341389250884954,0.05337050147958125,0.9966345576445275,0.3005456360395098,0
0.6517172051947526,0.550086239518795,0.9325250885264564,0.9927494654000595,1
0.6240906750848048,0.9436849660514897,0.9551016000180879,0.3126398726702515,0
0.4423093824454362,0.07280833901827205,0.9903754016544618,0.3763174906004339,0
0.6350996822373173,0.9609054253496344,0.9466757865918733,0.23812533524752633,1
0.4069256889344817,0.9607767074661568,0.9748579697405606,0.2387196109232464,1
0.3891125264601246,0.049623923423067935,0.9642244418616877,0.28479725810889933,0
0.6427949924050096,0.9609324433350088,0.9403386499260626,0.2380005155852171,1
0.5493418832883795,0.1722161498024266,0.9929637209056026,0.6627493691095901,0
0.606626742437725,0.2680324344685004,0.966941963236531,0.838627113478249,0
0.6461411215228594,0.9593971911038272,0.9374672248638999,0.24504925178248035,1
0.39894837691006374,0.07982696972859508,0.9703321094655061,0.40156921369301546,0
0.35120272905061994,0.9609692456431203,0.9351376101392901,0.23783044846001972,1
0.3448390485839335,0.0495524879848132,0.9293742397486882,0.2844929085718258,0
0.6322792105620352,0.9611177332232879,0.9489059648393754,0.23714374296286242,1
0.6512758706167645,0.40724104510758735,0.9329234303168659,0.9750290520451205,1
0.5766712570157118,0.9512204530178606,0.9829711813930496,0.2811897646144302,1
0.6174667243882456,0.9604551171071203,0.9598115638215126,0.24020158900369637,1
0.6515361953415397,0.9609213676653202,0.9326886149410764,0.23805168716477682,1
0.4242758349884052,0.11269182372860494,0.9833909067016071,0.5079822985409034,0
0.651643670364589,0.9381536056887341,0.9325915458638749,0.3347312242338755,1
0.6040357915347271,0.9610485940006707,0.9685407979278333,0.23746359449733137,1
0.3606296543615354,0.9608005775853948,0.9432046086441777,0.2386094532917803,1
0.4054897016465761,0.9607859395564301,0.9740714203032852,0.23867700856235063,1
0.3961065223535473,0.8530307612458401,0.968627443577259,0.6022035641502883,1
0.4247857202099758,0.6013666804316642,0.983614679855884,0.9701455215785613,0
0.47517406014100083,0.46691973811556736,0.9982209239342428,0.9968401993345779,0
0.35099387114566294,0.9610674451280204,0.934952535938858,0.23737640378461294,1
0.6512432200187864,0.9607674406586443,0.9329528510812332,0.2387623702087932,1
0.4401150868053353,0.049749439894313026,0.9896275238289949,0.2853316410374997,0
0.38156894603679403,0.049573918156322304,0.9591425870849379,0.28458422787671833,0
0.3434405597671426,0.04999234617692217,0.9280730937640953,0.28636444334065114,0
0.5522286619153652,0.052893429313069305,0.9921147609152765,0.2985631549151557,0
0.3477015846448926,0.9527182057986919,0.9319986083466809,0.2747360294412099,1
0.3553018313190653,0.051218454154087066,0.9387141173227785,0.2915504874634164,0
0.5817150309632567,0.1883459247847262,0.9806465544384819,0.6979984103330712,0
0.34574527875603195,0.914842550778853,0.9302107209666908,0.42009603968763326,1
0.34341400859617915,0.7441645135713302,0.9280482697431327,0.8203968141677922,1
0.5415391233568606,0.1369996078514124,0.9950155198916164,0.5763267935272018,1
0.6377214408323675,0.6904135133859424,0.9445583243357148,0.8926955514454117,1
0.6495383822129885,0.052632893863927124,0.9344796436796188,0.2974777319977091,0
0.4095540040530518,0.06613057878226339,0.9762656870562344,0.35131491811047527,0
0.5030567061341562,0.04953179124727891,0.9999730403272102,0.2844047012580278,0
0.6069823173733933,0.9610151839733997,0.9667193785952591,0.23761808976165483,1
0.47358234787671993,0.05003395715595647,0.9979853704122699,0.28654118714567123,0
0.650532692715173,0.04991631421573271,0.9335914156604181,0.2860413595601041,0
0.6404611131381146,0.22673091006828658,0.9422997649458442,0.7722688707061678,0
0.36631536410457016,0.06431143865657903,0.9478008595572602,0.3443271221058988,0
0.6400389267312943,0.960910553804915,0.9426508724048497,0.23810164459140123,1
0.3498628036854402,0.055703005837822755,0.9339454677466376,0.310145828044495,0
0.5513939375659664,0.9610400435079995,0.9923652356447472,0.2375031379378388,1
0.6442597845460758,0.9608415112425233,0.9390903379237882,0.23842049874242383,1
0.5939191170583575,0.9311818176917004,0.974396728338105,0.36149778160424945,1
0.36155882184054317,0.2468199192970897,0.9439695253496994,0.8061987987296535,0
0.3497376400024276,0.20875875291952942,0.9338335273733,0.739103432865609,0
0.4582342611054563,0.29784277807241744,0.9949609224572631,0.8786379204134556,1
0.3875269608134794,0.960134077687555,0.9631850508648974,0.24167710985426177,1
0.3483749386161857,0.05887384141015448,0.9326083583407184,0.3229581739186383,0
0.35093286064131934,0.6273919445292969,0.934898420874331,0.9526535980054608,0
0.34381856770328595,0.9128436033300041,0.9284260231984591,0.42690633349245527,1
0.5826420388512549,0.9611301686653309,0.9802029114713876,0.2370861946097464,1
0.5536041377576156,0.049443673032545786,0.9916931542768785,0.2840290037330961,0
0.6225409395119946,0.9610435920480742,0.9562276509852663,0.2374867273560723,1
0.34564091955669424,0.7989264974854133,0.9301146608610662,0.7240699113281112,0
0.5776716211926952,0.9574614991961955,0.982522090667334,0.25381244807529146,1
0.3477898715371146,0.05007469007861174,0.932078720022659,0.286714150477597,0
0.6510256167774409,0.9610436590170294,0.9331487558294765,0.23748641764671424,1
0.44753585090906944,0.0495589541105932,0.9920433634228993,0.2845204638279699,0
0.5402424255142942,0.8309692014606069,0.9953221889342738,0.6554828466332473,0
0.34339583770601606,0.2611821628895606,0.9280312782671148,0.828525038011983,1
0.3434932263977695,0.472368198738028,0.9281223210910392,0.9977958344888598,0
0.6054778173189053,0.049532877070665476,0.9676559493778973,0.28440932924907514,0
0.344905828668009,0.9608441849948605,0.9294360589412831,0.23840815415421734,1
0.6409266010305451,0.9610284448769756,0.9419113517814997,0.23755677359328292,1
0.3727394309649177,0.9608207202472422,0.9527523007788947,0.2385164804334956,1
0.5225368421280174,0.9610896678020351,0.9985339870420806,0.23727360131117745,1
0.3433894805774264,0.476532926375266,0.9280253332604869,0.9984104215634202,1
0.643493523677274,0.8349672955112722,0.939745036971463,0.6462145762082199,1
0.36449347982655267,0.2915752068409461,0.9463500122617927,0.8707473615797889,0
0.34884295964906237,0.049529575637550005,0.933030473236385,0.28439525778516295,0
0.624197557426115,0.9610426881581525,0.9550233942512987,0.2374909075323106,1
0.5285419146269342,0.04963511573305411,0.9976481650142128,0.2848449286153406,0
0.5532789614810656,0.9608961882948308,0.9917938229814565,0.23816800283650746,1
0.3434027480933048,0.06986380071934405,0.9280377403722933,0.3654151762236216,0
0.47259192055082266,0.9608090326189807,0.9978314000349344,0.23857042912937548,1
0.6517508882596815,0.9610904719000454,0.9324946358721429,0.23726988118281445,1
0.3595471268581476,0.35662026671153024,0.9423066283464703,0.9398419453683711,0
0.5425829113062276,0.7236672152496864,0.9947615663188847,0.8504057232147598,0
0.5142093295200385,0.05113521880705964,0.9994173467426428,0.29119985219532485,0
0.3684095777129148,0.049487837675161184,0.9494430919960302,0.2842173322202687,0
0.39028790049035245,0.7016465937429175,0.9649850894999412,0.8792687925626753,1
0.6057649495529438,0.9608756686636449,0.9674782619496411,0.2382627749192745,1
0.34607468842881556,0.9506388629421765,0.9305134789528637,0.28367689026518067,1
0.445729072278159,0.04953983336828869,0.9914847973630325,0.28443897748913904,0
0.3599627547009332,0.04960512728770837,0.9426522685207057,0.28471719261826456,0
0.59147403812145,0.05011495500289751,0.9757199828902954,0.2868850770999066,0
0.3690251238302403,0.04959340266321665,0.9499206147630239,0.2846672440142359,0
0.37683974065435366,0.9607998528791032,0.9557794181805868,0.23861279804237875,1
0.6313839584168447,0.049597580330312335,0.9496035224160454,0.2846850419655893,0
0.34568172983687745,0.9597721224338678,0.9301522340026145,0.2433360254723443,1
0.37459209260855997,0.04972743354635719,0.9541328770355939,0.28523798440569303,0
0.37309974269200574,0.04961791121363116,0.9530224574388109,0.28477164920637293,0
0.6320693377609927,0.9610607313864855,0.9490699384492267,0.23740745792301488,1
0.5158090665028044,0.9607494035826512,0.9992787441121893,0.23884558820491547,1
0.6194330189980628,0.659187449018307,0.9584414791537191,0.925594138861753,1
0.4894623173621318,0.9569463380010113,0.9996795746119127,0.25612206221891176,1
0.6518541723806905,0.3825365542040911,0.9324012123649342,0.959813828562049,1
0.34869875456199495,0.049664922067473576,0.9329005609248147,0.2849718616551714,0
0.5907936282019506,0.9606276306882707,0.9760818631210515,0.2394070886991421,1
0.6519225257406402,0.33438074085216,0.9323393474618935,0.91933968229896,1
0.577533533622446,0.9609940233149755,0.9825844339120907,0.23771591903291506,1
0.6260504690598511,0.9608856351348881,0.953656445847163,0.23821674573839416,1
0.48280105921654365,0.1589483333683379,0.9991463229364209,0.6317876875663724,1
0.34630089496221905,0.9609110344407976,0.9307209830661256,0.2380994242649473,1
0.635750768193427,0.3531198774473312,0.9461539361531015,0.9368235495030575,1
0.3509617617985219,0.9561611743658517,0.9349240585460321,0.2596243335148358,1
0.47686473743854707,0.9550613287461467,0.9984550711862556,0.26449466409195266,1
0.6436605508667745,0.9607381203850759,0.9396026425218095,0.23889763937672226,1
0.5340424903547413,0.9609339123770004,0.9966535587278866,0.2379937279937766,1
0.6293759050097799,0.10047610935475743,0.9511500843508331,0.4705030102582796,0
0.3898310036447311,0.049552847381437524,0.9646904026202014,0.28449444016643555,0
0.5196509208349895,0.05080156150709125,0.9988854945260546,0.28979222411077116,0
0.651643877563743,0.9593093712584112,0.9325913586552599,0.24544978507050652,1
0.5583515101140746,0.10955375289652809,0.9901531157187398,0.4985684731961666,0
0.3630975701564479,0.04986471056559565,0.945224401907612,0.28582197920975383,0
0.5746962020922047,0.15869367343440438,0.9838404762072679,0.6311752275574021,1
0.5700508282741318,0.8919569017621415,0.9857943615152173,0.4939849875596557,1
0.4006053235809314,0.2846814289444338,0.971303584927948,0.8617514327621506,0
0.6519431686063835,0.08570625959536722,0.93232065828458,0.42197310679310257,1
0.6491485430332511,0.2851119613932049,0.934826180772554,0.8623230562481867,1
0.6424668847055257,0.049460540658457695,0.9406164179421962,0.2841009383455988,0
0.5619146975273305,0.05493111922883346,0.9889106173876734,0.30698568921409086,0
0.6290979957343641,0.5817856401103778,0.9513621585703269,0.9806129419597737,1
0.35901078914858325,0.9608049362900843,0.9418590051741651,0.23858933605554353,1
0.34412225430636584,0.05824808248782315,0.9287089001184705,0.32045084342210095,0
0.4444988707678932,0.12714099110033178,0.991093572546899,0.5495448805049854,0
0.6000458767213767,0.9608669367621038,0.9709237519670888,0.23830309922680898,1
0.47274303247822974,0.049733907846190535,0.9978552587013875,0.2852655398588558,0
0.4566468248761384,0.9609588807412482,0.9945701000748544,0.23787835097018073,1
0.590834707930223,0.04979691910412873,0.9760600929917282,0.2855336570763658,0
0.6449500839230458,0.8960460212720363,0.9384973764620718,0.4814055432245289,1
0.5817635576966023,0.0495699100494228,0.9806234571551855,0.28456714940296596,0
0.6515327242490203,0.9609109096323714,0.9326917487318824,0.23810000082585428,1
0.6323581872998079,0.9586784200553581,0.9488441895449021,0.24831911468760995,1
0.640616124238036,0.20012983028960063,0.9421705711338698,0.7221876794853632,0
0.4933187892465115,0.05025631725230908,0.9998711964590461,0.2874847781199658,0
0.6481030901414245,0.9375251147344961,0.9357507569658478,0.3371919383308686,1
0.6374901127865279,0.961051112151832,0.9447468809267652,0.23745194827334407,1
0.44145197435419387,0.9608254607448571,0.9900865264408235,0.2384945973705727,1
0.36694488225125615,0.05890317119310755,0.948297375027499,0.3230754434150428,0
0.37899204813955706,0.5270304912934548,0.9573270255775644,0.9978907689624468,0
0.584919106255954,0.9609551978782177,0.9790915140835911,0.2378953707234748,1
0.5611009114945191,0.15332356554719226,0.9892009396163153,0.6180954097782476,0
0.40172642806717085,0.5040599326222851,0.9719515360122413,0.9999524394400153,0
0.3871850510853864,0.9608582928315669,0.9629589155693237,0.23834301439901387,1
0.36574770378027355,0.049523557608650744,0.9473510209736312,0.284369606708567,0
0.35064868386436704,0.961049837529442,0.9346460512262886,0.23745784331848527,1
0.34667240153683904,0.9587214836834793,0.9310610665007603,0.2481237408610198,1
0.6236969084438695,0.8492364437295841,0.9553891128162662,0.6117478106404338,1
0.6108005428044386,0.9609988329426447,0.9642809864311065,0.23769368483162323,1
0.6355126462944217,0.9606940470823113,0.9463450989106266,0.23910090983656807,1
0.6515451061322749,0.3587910839698161,0.9326805697015093,0.9416751203699096,0
0.4473573194642881,0.9608012069827153,0.9919890187241911,0.23860654840614837,1
0.3930724179635148,0.13638062196351647,0.9667536918910218,0.574680928128778,1
0.6485695915859769,0.960962023003061,0.9353390478598863,0.23786382910525328,1
0.5650791350141479,0.6365239038326815,0.9877447844017615,0.9455308317969429,1
0.4126281678892627,0.9020149820707006,0.9778599119790925,0.46257551323849255,1
0.6518998282856919,0.9609104894785313,0.9323598936502522,0.2381019417503378,1
0.36317771241035324,0.9609295848653845,0.945289354409488,0.2380137226786128,1
0.6512862355890051,0.049523790179152365,0.9329140892431755,0.2843705980311305,0
0.3710992078143348,0.04982338046690979,0.9515123561082057,0.2856462158852698,0
0.6042857469718681,0.9610367613649148,0.9683883206323141,0.23751831610791144,1
0.5404468738610437,0.9610725992158344,0.9952744855393632,0.2373525625818402,1
0.34412895277032013,0.9609472796272462,0.9287151329341632,0.23793196186818497,1
0.6186771824691459,0.049610578264289606,0.9589709317847646,0.28474041313800136,0
0.6487823018906209,0.04945371846760836,0.9351508639880237,0.2840718451039783,0
0.6442556180984094,0.04993929330512531,0.9390939077584523,0.2861390234890968,0
0.605253529196892,0.9610601033760351,0.9677944002890518,0.23741036267093227,1
0.6310260074244768,0.960602964038582,0.9498810380507126,0.23952075882502294,1
0.5658604576705114,0.06853590478911549,0.9874478868036267,0.360436027823998,0
0.613831282664545,0.9608603666287084,0.9622825260927329,0.23833343846471272,1
0.41376860414134015,0.4753005775689136,0.9784370165736139,0.9982390180766427,0
0.6292829823531704,0.6502782889319931,0.9512210473322595,0.9338192741728304,1
0.3519603111820807,0.04956204146943245,0.9358066052859557,0.28453362008965316,0
0.3637525459659224,0.04957597582601865,0.9457540629004806,0.2845929953803973,0
0.6518434872877779,0.9610941132381269,0.932410880488696,0.23725303436067746,1
0.6409663016172701,0.9116576082682776,0.9418781619000667,0.4309126011062623,1
0.3435512479838278,0.049806430906163934,0.9281765331336405,0.2855741199254799,0
0.377680486964617,0.48938963350654496,0.9563873368650154,0.9996751387546793,0
0.6517231788269128,0.3021286741792235,0.9325196883279718,0.8838774305498955,1
0.34343054484168634,0.9608879596425773,0.9280637308379542,0.2382060096767532,1
0.3869240241482555,0.9571945524502937,0.9627857967965088,0.2550104129557676,1
0.651902313820092,0.9610177231164996,0.9323576438546959,0.2376063497189741,1
0.47739914755504204,0.9407205965415928,0.998525644678903,0.32457775384404597,0
0.6425939477551184,0.8862966904241404,0.9405089296842146,0.510986183421958,0
0.6514077542091908,0.9609658493919859,0.9328045238737555,0.237846145055489,1
0.3434621956187019,0.1296694834161428,0.9280933188712852,0.5565310448089535,0
0.48042724551071037,0.04956535986647451,0.9988943455904152,0.28454776055635916,0
0.3473012913399038,0.06316419206699238,0.9316347594127896,0.33987957920778294,0
0.3561732223785075,0.9400519306153009,0.9394607562401444,0.32723873951471316,1
0.347177408839493,0.1092291857070949,0.9315219490782242,0.4975865627668886,0
0.6447354350563836,0.11977232456658121,0.9386820795644284,0.5287060650020705,0
0.5383071753234945,0.04951883817588724,0.995761712115804,0.2843494899549357,0
0.5594574912420829,0.04959944375015195,0.98977541111382,0.28469298044781177,0
0.6497320412289874,0.9281021385590307,0.9343071376401764,0.3729665156786125,1
0.6401760761419052,0.12533235040052557,0.9425369357802303,0.5444967408028961,0
0.6501740898517107,0.1826758763558744,0.9339124822713698,0.6858960056508547,1
0.3668043864006893,0.20953895395519348,0.9481867761259393,0.7406005425838726,0
0.5305034623647465,0.3104527578939341,0.9973135885844318,0.8936953984446585,0
0.3887650177747395,0.960865846060383,0.9639979447660099,0.23830813593005726,1
0.35442064732044765,0.049564634979043974,0.9379542241106431,0.28454467167009373,0
0.34381658340635424,0.36439297956927613,0.9284241729335292,0.946269378201783,0
0.36517824510788743,0.04969071170790236,0.9468977437186393,0.28508166731726775,0
0.34339711831406156,0.9607321191906097,0.9280324758242016,0.23892532185055018,1
0.3445214423845585,0.26908114695076024,0.9290798377176557,0.8401430477648543,0
0.37210893846309184,0.9610112046900997,0.952277638845709,0.23763648797154582,1
0.5934475511704324,0.2481060553679811,0.9746547169031385,0.8082624699434787,0
0.6483784469519731,0.05848804529972277,0.9355079083682697,0.32141355338131095,0
0.3461927698035116,0.08765857174002785,0.9306218382248463,0.42860576627695807,0
0.427977890749588,0.04960673471234228,0.9849807577982956,0.28472404015285735,0
0.4727357237064004,0.07864836301101076,0.997854107780235,0.39739861514828223,0
0.595682501187355,0.04951882701693718,0.9734202086578355,0.28434944238869675,0
0.6485474175041542,0.049450041166953285,0.9353586486878143,0.28405616265815914,0
0.6461813116305909,0.959405853198118,0.9374323076189557,0.24500972978893992,1
0.5301769709904863,0.04980531875029703,0.997370823207751,0.2855693889985317,0
0.6332721971261875,0.04963240872526805,0.9481264376323877,0.2848333992259149,0
0.6362249288634215,0.049757473128384466,0.9457722308117227,0.28536582592856374,0
0.48659467769872955,0.9609212848310521,0.9994814255732904,0.23805206985618851,1
0.6392986583456156,0.961107405043856,0.943263815862858,0.2371915348531477,1
0.6516674115610409,0.17665755525157753,0.9325700934385153,0.6727101576943519,1
0.3490338755756093,0.9607829899066571,0.9332022635068492,0.23869062035725083,1
0.6191746031440957,0.04948888010657879,0.9586228889473951,0.2842217766716401,0
0.6317495862211605,0.9610495459613535,0.9493192350501812,0.2374591917930139,1
0.6294346132807849,0.22031529073786874,0.9511052226118633,0.760742796844873,1
0.43996824104424875,0.960764669873227,0.989576468588427,0.23877515464285076,1
0.6451305096866712,0.3615025638628206,0.938341897438069,0.943923365727598,1
0.6008523943783107,0.31324464364692406,0.9704497913811583,0.8968834063731423,1
0.6503188452212714,0.04969629579325427,0.9337829771643529,0.28510544024125367,0
0.6223753447076454,0.04981892986606675,0.9563471011791723,0.28562728583890745,0
0.5870439016329921,0.049731266600906536,0.9780266501452359,0.28525429853360285,0
0.5332203739606106,0.9608213885715174,0.9968133560677521,0.2385133953702542,1
0.6426784939364626,0.050007762424271004,0.940437352136027,0.28642993041658094,0
0.4158468081490696,0.04959668192384851,0.9794687800771822,0.28468121456483675,0
0.3864273141921641,0.05017461572348552,0.9624552232792385,0.2871382495227325,0
0.6471058252854373,0.04963644126874697,0.9366262733153595,0.28485057410923476,0
0.3489289135528045,0.4875878013516416,0.9331078450603789,0.9995554234164171,1
0.34900955560128655,0.1059201127644854,0.9331803927334965,0.48748578499188777,0
0.38232677472365595,0.11860502813786353,0.9596687876975236,0.5253377243506704,0
0.5390996892878466,0.9608869609494877,0.995584350068974,0.23821062230492163,1
0.6306728906340069,0.04953416694401254,0.9501540278652898,0.28441482689389946,0
0.3850251770492853,0.5555413942082311,0.9615139617286798,0.9910806181879085,1
0.5845559023646949,0.9610342487102592,0.9792708516594807,0.2375299355218401,1
0.5094066775157013,0.1576260313230626,0.9997446695163619,0.6285998980614642,0
0.47972428735591716,0.1550409683290328,0.998813477771471,0.6223128652824743,0
0.3513385274906539,0.46099505784509354,0.9352577963508941,0.9956057460821834,1
0.5264686888471984,0.04981574822127179,0.9979775750511553,0.285613752760457,0
0.6089757467904743,0.08241417881127759,0.9654573550651107,0.4106290933211188,1
0.5384567978860924,0.13786725035121675,0.9957285062877481,0.5786259638767618,0
0.5851448132149105,0.04954484199458597,0.9789796728500482,0.2844603236960319,0
0.6513419103153463,0.960743551455645,0.9328639026383818,0.2388725855986213,1
0.343452963229295,0.06777953721630788,0.9280846888370543,0.35758214394108834,0
0.6507068389942261,0.961011376783772,0.933435203544855,0.2376356923093449,1
0.3455675140588424,0.960800217859892,0.930047051268012,0.23861111354218392,1
0.35466993824919196,0.39346302930645644,0.9381696977130769,0.966998038156074,0
0.35144162344885893,0.07102337136885917,0.9353489618033284,0.3697311194706908,0
0.6235072488354672,0.1942327217080424,0.9555272546325279,0.7102424831982621,1
0.6499864271694903,0.8177812984066184,0.93408017647994,0.6849067560895694,1
0.34877445249026656,0.9606274489473099,0.9329687725814201,0.2394079262920527,1
0.5598314191819062,0.9610938599267965,0.9896460912200631,0.23725420633403388,1
0.5976757052537286,0.04952365501586818,0.972293992763813,0.28437002190318,0
0.590148856512503,0.04954441193714175,0.9764222394576232,0.28445849086931335,0
0.3484575896479774,0.0643895879743699,0.9326830036799225,0.344628930449126,0
0.3566502345804123,0.07137566247834684,0.9398674536462327,0.3710365098081079,0
0.3445743539410146,0.04943584584186697,0.9291289283084738,0.28399562049534727,0
0.6461800421347603,0.5621515585876254,0.9374334107153277,0.9888253868600826,0
0.3434457294799978,0.9609608127657248,0.9280779266632357,0.2378694222243019,1
0.6393826346117388,0.9592026311675225,0.9431944558355414,0.24593622707691096,1
0.642301251639262,0.8352153122411604,0.9407563820425024,0.6456341509404747,1
0.42951530243147784,0.04980293737016115,0.9856172554188765,0.2855592588748441,0
0.41527605382751254,0.053554636479861674,0.979187974838762,0.30130907065162904,0
0.647769567749239,0.9610355886727373,0.9360442619149019,0.23752373908629365,1
0.6218755452049644,0.9608768941299781,0.9567066060643435,0.23825711542741868,1
0.40203722850932516,0.1610648627742871,0.9721298295527134,0.6368509692917262,0
0.6513309760766867,0.04958744428689755,0.9328737605911942,0.284641858852887,0
0.3448115871685905,0.050880546205935025,0.9293488100962568,0.2901257436367669,0
0.377151594615533,0.07156361695254908,0.9560054169616498,0.3717318562334802,0
0.3558791845857814,0.9608652252007529,0.939209348462067,0.2383110029499055,1
0.6491249651340906,0.960430776665571,0.9348471088368714,0.24031359624514448,1
0.6518686030552499,0.05523684559592004,0.9323881539986312,0.30823931504164553,0
0.36756521151576405,0.9608993070247331,0.9487842354212646,0.23815359723814353,1
0.3654370216646099,0.9437872557010542,0.9471039745598759,0.3122237478890286,1
0.3534110567073813,0.0496792296941666,0.9370775803889448,0.285032782363285,0
0.4125532820310399,0.04971803444008645,0.977821746052719,0.2851979783224522,0
0.6454442059097187,0.9608090356292831,0.9380710862981578,0.2385704152348529,1
0.6439279518885729,0.05970545743111456,0.9393743117524738,0.3262745839200084,0
0.6515700419677576,0.049447123704732664,0.9326580533310203,0.2840437203714773,0
0.6518871243140394,0.04968581978413321,0.9323713921088351,0.28506084032482837,0
0.34845546773075087,0.049684796515546976,0.9326810878374536,0.2850564837443782,0
0.34883091117524445,0.3762408346040304,0.9330196239945643,0.9553437187002449,0
0.40531324514489175,0.6919504714495565,0.9739739166936789,0.8909091298072822,1
0.3462089756610265,0.04945298275513108,0.9306367028546372,0.2840687075718533,0
0.490359712549557,0.9271456025336484,0.9997318292462248,0.37648653431324797,1
0.4923730078671576,0.9244460128044315,0.9998321474378117,0.3863162817450305,1
0.6124542805101145,0.1034048443339081,0.9631974370809364,0.4796966990069292,0
0.5899781345417143,0.04972601836409692,0.9765119486884744,0.28523196103746623,0
0.6467705174270422,0.1669968608329958,0.9369192341466326,0.6507885427988407,1
0.6519450326497805,0.9607495036661583,0.9323189705251813,0.23884512648210474,1
0.34334352552622305,0.2186777552788861,0.9279823497068185,0.7577457629845248,0
0.6518527051314242,0.8504475886535396,0.9324025400096221,0.6087190796044162,0
0.3695004809748815,0.15248597874885603,0.9502877764115459,0.6160266604493718,0
0.3433634543629911,0.05013940774752837,0.928000991585376,0.2869888562440217,0
0.34441523495114135,0.928792175378123,0.9289812459858697,0.37041493592130015,1
0.6518090660951326,0.05600148527709652,0.9324420206596392,0.3113634233312982,0
0.37604571469121223,0.05556773029964154,0.9552012943436143,0.30959319092672427,0
0.5837634431922156,0.9610597451413071,0.9796594207008054,0.23741201961358754,1
0.5511448917652856,0.9606866828612228,0.992439179346742,0.23913486711901724,1
0.37964790507546975,0.049540447284021044,0.9577929689548239,0.2844415939708793,0
0.651141061122207,0.9610897171238922,0.9330448605673836,0.23727337312622987,1
0.36994586262272117,0.9610400878755908,0.9506305155010564,0.23750293275842987,1
0.3622091872410153,0.8256956020811508,0.944501713821335,0.6674573258628316,0
0.6019359521073736,0.10718802956649959,0.9698068642016382,0.491375504081112,1
0.6155469604922408,0.24726656025388521,0.96112644273742,0.8069169096749741,1
0.34692120230762064,0.9157225496644702,0.931288331395818,0.41707457007822846,1
0.34403029983569994,0.9013302784930919,0.9286233089311113,0.46476447062660553,1
0.6406890398850227,0.955097073443889,0.9421097476066695,0.26433702407981213,1
0.3508735571079954,0.9598223504802847,0.9348457972622615,0.243106113462483,1
0.3494577369026073,0.04953330816150941,0.9335828358660547,0.28441116663231036,0
0.37170122172181985,0.049804517206855435,0.9519693853402741,0.2855659793420403,0
0.6361245613395021,0.9608924806920982,0.9458531448424943,0.23818512798751712,1
0.362226857839705,0.04976245888500929,0.9445161366523294,0.28538704149258576,0
0.5097840006482114,0.958888921590778,0.9997237735898856,0.24736345477213864,1
0.3501159535453853,0.05001063639787542,0.9341715690945407,0.2864421380451835,0
0.45409768747635115,0.9610274650088763,0.9939118499717946,0.23756130456888191,1
0.3759322522131963,0.06958109488688434,0.9551183667615746,0.36435843113084027,0
0.6351517873425604,0.9604203381360286,0.9466341211181364,0.24036162426261715,1
0.5007074838939423,0.049943974956187485,0.9999985557652366,0.2861589191072989,0
0.6329857693829344,0.04962403084747737,0.9483519211509159,0.2847977156712652,0
0.6507631616618982,0.5820318134576474,0.9333846399782058,0.9804955234368792,1
0.6141675804830259,0.9607893606056509,0.9620573295130509,0.23866122097577552,1
0.3443722756192101,0.9349738385423648,0.928941346620789,0.3470819088408942,1
0.6279002240965524,0.0500805491508229,0.9522707227851881,0.2867390255890122,0
0.6510466645306086,0.05004657089815771,0.9331298200078024,0.2865947539885434,0
0.5174036174376292,0.05014187609160702,0.9991258794726936,0.2869993310608655,0
0.5450324077151263,0.5408676075180296,0.9941407297910049,0.9951755528858941,1
0.6476685560424792,0.9608861762738673,0.9361330150220251,0.238214246431376,1
0.6432812215928116,0.9610090087528685,0.9399257760726765,0.23764664062270785,1
0.45732001027327984,0.9609576680424862,0.9947376252752131,0.23788395531812717,1
0.6461228779063525,0.9607013741483754,0.937483071590639,0.2390671218239492,1
0.4649927377481178,0.6210600111444684,0.9964610355190238,0.9572899279379523,1
0.5128918622899179,0.04952776436592756,0.9995203946929374,0.28438753758886004,0
0.3480607889380764,0.049556327508894306,0.9323242414878171,0.2845092707756915,0
0.5996599532407507,0.4553228467359252,0.9711491615454872,0.9942329342522755,0
0.4063012356032386,0.9610114981239463,0.9745174464152244,0.23763513130145447,1
0.6480968277325727,0.8952787776573587,0.9357562744653014,0.48378530204404113,1
0.3795915694593134,0.055571953951398724,0.9577530496619602,0.30961045328738424,0
0.34352673651539894,0.06793527191354576,0.9281536336505463,0.3581708168651677,0
0.5374533353697073,0.24288131271737304,0.9959487187362066,0.7997990586687215,0
0.3433430424863445,0.9606628668075972,0.9279818978289929,0.2392446715390858,1
0.6510554601741233,0.049508891501698724,0.933121906085685,0.2843070896589779,0
0.5770425297749734,0.049654320220394794,0.9828051972910575,0.28492671581853823,0
0.3434393118058625,0.4172081440609144,0.9280719270835426,0.9801307342510545,0
0.6165686804530199,0.06809045872263486,0.9604294489199807,0.35875686910665483,0
0.5190159857721249,0.9089593487811553,0.9989563690109942,0.43993386980568827,1
0.6105583262462867,0.960929867906071,0.9644382956023528,0.23801241494921993,1
0.3521603281073194,0.9608997777921683,0.9359826275596528,0.23815142270300105,1
0.3518525515360879,0.05271077551042075,0.9357116679342881,0.2978024019519759,0
0.6232022286885922,0.9555987331517322,0.9557489576273297,0.26212007246678204,1
0.6518918192852535,0.684263020646246,0.9323671427752361,0.8996851932684446,1
0.3560386262353627,0.9607157490873538,0.9393457415550919,0.2390008273083785,1
0.3590310434276787,0.9611092064840588,0.941875941992395,0.2371831992920444,1
0.36481507044872324,0.9267514934518205,0.9466076103940624,0.3779311435749517,0
0.650721447333957,0.9610033572464073,0.9334220908699942,0.23767276882802982,1
0.3473655586724266,0.04988824984423543,0.9316932442859881,0.28592206077311305,0
0.6337394452465479,0.28988036475714,0.9477575136285028,0.8685666554387604,0
0.6488663747308592,0.9610454902726524,0.9350764061315597,0.23747794862569657,1
0.42245454166917323,0.05006197285275321,0.9825790546386808,0.2866601550001801,0
0.6474855037704207,0.04958885403463256,0.9362936880309105,0.2846478650627292,0
0.6333737987644166,0.2968994549374615,0.9480463316811523,0.8774677291453303,0
0.34780303796604983,0.04959637818716199,0.9320906630145978,0.2846799205769935,0
0.651903591105386,0.9607066078653573,0.9323564876973914,0.23904298581959768,1
0.5856495375578007,0.049813527550150206,0.9787284786694412,0.28560430698630035,0
0.6489375287348947,0.28786318899130575,0.9350133546808219,0.8659449665803219,1
0.34378063446987495,0.049480551337674324,0.9283906478560618,0.28418626567502764,0
0.5899069065807223,0.2635150314089921,0.976549325435987,0.8320044140562576,0
0.35945515515460097,0.7148750365248724,0.9422299975549329,0.86234029886463,1
0.3463015944787611,0.46483428258141,0.9307216242418529,0.9964288992655426,1
0.6502929511281814,0.9607254356119106,0.9338061530262199,0.2389561504239742,1
0.3720047670993177,0.0636283844968587,0.9521989779178761,0.3416829536529054,0
0.36985331658771897,0.34746397920398514,0.9505593986807439,0.9317827584735097,1
0.38590318894900394,0.9603032914473695,0.9621047763525835,0.2408998770082969,1
0.4835568099669128,0.9609553560580489,0.9992197118779403,0.2378946397317969,1
0.5159543520461977,0.47212035862521745,0.999265424232676,0.9977560965489984,0
0.43304488626514187,0.0497532459339775,0.9870258942596886,0.2853478376305696,0
0.6488042785315394,0.8848191303538794,0.935131405024235,0.5153479093686143,1
0.6512526352840022,0.9608627591613663,0.9329443678793794,0.23832239053715054,1
0.4497906212142637,0.049535390287355964,0.9927137096685243,0.2844200409301875,0
0.4977331931307249,0.25142307909624456,0.9999851736222003,0.8135258701389765,0
0.34356739983983975,0.9610302116021189,0.9281916206695717,0.23754860404464817,1
0.3466168685076684,0.04952344943291836,0.9310102865176259,0.2843691456132217,0
0.5833558199639395,0.959821836208007,0.9798578395367173,0.24310846795150715,1
0.3439039225668857,0.9609049113938607,0.9285055888183325,0.23812770938617897,1
0.5934398435128111,0.1720698378045743,0.9746589226327744,0.6624178591636793,0
0.6289122079193673,0.9608369601417179,0.9515036680177726,0.23844151032941846,1
0.6318653244381839,0.9610007230766806,0.949229072137715,0.2376849467762679,1
0.5902156564504305,0.853801252660778,0.9763870907932324,0.6002453423343165,1
0.44986897724644404,0.6033365944641813,0.9927364719990484,0.9689653194022625,1
0.6108803715103925,0.05742927724515575,0.9642290631358011,0.31715443211798355,0
0.6467507766654673,0.04940782438880005,0.9369364596553049,0.2838760926111936,0
0.6425942621995135,0.2613533259229566,0.9405086635559881,0.82878170084392,0
0.36166182947183634,0.2456129778629666,0.944053991756324,0.8042505243457433,0
0.3456670030575566,0.049796347584620024,0.9301386766007609,0.285531225765962,0
0.6359327191974842,0.9611021063564701,0.9460076289523716,0.23721605202811835,1
0.348240480479915,0.9520658886391845,0.9324868312413375,0.2775555348991212,0
0.6172116442054237,0.9596538621079804,0.9599875684348345,0.2438769738631991,1
0.641192145093023,0.04978302991671974,0.9416891676710263,0.2854745680389888,0
0.3433564909621566,0.24712188285025138,0.9279944781537253,0.8066844662271353,0
0.36227349726928576,0.04963911683910018,0.9445541946225632,0.284861969275117,0
0.3433964789204455,0.049560424481738544,0.9280318778983343,0.2845267296043105,0
0.5511246072121366,0.10656920815963404,0.9924451860629973,0.48948012529057855,0
0.6450812798371115,0.9610233301888401,0.938384340824329,0.23758042384585648,1
0.37823378774254707,0.2763320347942672,0.9567850447293005,0.8504046815840215,0
0.522902461638634,0.0502366218033179,0.9984860175904802,0.28740126037520075,0
0.6508500403714866,0.6185166721193831,0.9333066052953983,0.9590829171604001,0
0.45695003188729766,0.9076396735367879,0.9946458805953657,0.44429959186370255,1
0.6473081734472099,0.31712247255024384,0.9364491366649714,0.9012247608329309,1
0.34402548992495763,0.152227999918013,0.9286188303803231,0.6153879045350046,0
0.6352834108954976,0.049739396182407,0.9465287940081162,0.28528889792188356,0
0.34595935716256104,0.9610397766628436,0.9304075575561479,0.23750437197058283,1
0.4860105445275734,0.05674717493729915,0.9994352414277975,0.3143947374465816,0
0.35173189076057954,0.04960654006678289,0.935605277376075,0.2847232109784064,0
0.5780766277415622,0.12130553260230492,0.9823385894776375,0.5331019719351615,0
0.6423674285659206,0.9597699920574817,0.9407004815442237,0.2433457748939863,1
0.6410700076623154,0.049686809934492926,0.9417914165291046,0.28506505587350517,0
0.619784954646756,0.1308791025242522,0.9581937604705997,0.5598442074147654,1
0.44049865007455774,0.960750545477483,0.9897602853219898,0.23884032019239382,1
0.34485068729433177,0.9575698465700796,0.9293850159033397,0.25332550313683555,1
0.6332337401463316,0.05776779645024743,0.9481567416035903,0.318519422722591,0
0.6497271423643937,0.05127995862281391,0.9343115043425958,0.2918094475824859,0
0.5292754388723521,0.9609121027984875,0.997525657726752,0.2380944888903694,1
0.35019383992259645,0.3809911135116257,0.9342410517355765,0.9587390082112397,0
0.3570005486294784,0.9568242413473195,0.9401652178595188,0.25666808997714124,1
0.6296055001652069,0.4747234668130672,0.9509745185973955,0.9981557292363991,1
0.6503407256443533,0.9597857101138468,0.9337633903218028,0.24327383903266359,1
0.5075137119492773,0.06623778641320273,0.9998370966690037,0.3517242990054661,0
0.6084744793274436,0.12152607062120009,0.9657769674233951,0.5337316575018214,0
0.5727237112356018,0.9610606152735994,0.9846856624494221,0.23740799498315984,1
0.6443278392412746,0.9609297646160893,0.9390320128268396,0.23801289217900543,1
0.6366539581810323,0.9533289843088145,0.9454256490793509,0.27208371529840286,1
0.414455176146209,0.0494804198682301,0.9787807176967228,0.28418570511762525,0
0.3730641350261751,0.04953868413825607,0.9529957949750462,0.28443407949044863,0
0.557716386851415,0.9610455422001211,0.9903667822237785,0.23747770847447555,1
0.5620185950873731,0.3895816714525396,0.9888732720558528,0.9645290557119316,0
0.5711549141170228,0.960845531806811,0.9853414935084847,0.23840193588325762,1
0.3845556809018328,0.17592612726082563,0.96119611044827,0.6710833385554078,0
0.6330020791365717,0.0501155090995113,0.9483390953611791,0.28688742892499486,0
0.649304093870759,0.20214343467724744,0.9346880234761932,0.7261943063198959,0
0.358152922961188,0.04968617280981211,0.9411392872613205,0.28506234332921676,0
0.6442580761308474,0.14183452281402098,0.9390918017163181,0.5890231712945628,0
0.4922325529778005,0.9593650884822175,0.9998259080844535,0.24519570016871148,1
0.42723383108803153,0.3799955809384208,0.9846677115463487,0.9580389011212042,1
0.35421320631536757,0.04975960303966266,0.9377746246274512,0.2853748892934933,0
0.5670833383926632,0.1717070164103703,0.9869760027260777,0.6615948521658628,0
0.4826903960281287,0.0830242536636067,0.9991352997578906,0.41274670720457185,0
0.6513933837370116,0.060053119402119326,0.932817485677025,0.32765574725409563,0
0.6517678932287467,0.770612444122914,0.9324792590435769,0.7769421471689979,1
0.371079388024428,0.23142691661524412,0.9514972714882637,0.7804904584363368,1
0.34335110450287065,0.21101412494430877,0.9279894395501378,0.7434167360538168,0
0.5662938989584307,0.9606495654964303,0.9872816359238763,0.2393059880912068,1
0.5762114138499957,0.7762050468602062,0.9831756331928156,0.7670366836946712,1
0.6497961043919368,0.9610451331963986,0.9342500196355845,0.23747960000895174,1
0.3436668743057443,0.05042682346669062,0.9282845035184265,0.28820731308249536,0
0.34595579882464056,0.3268261829110889,0.9304042881941548,0.911650781719465,0
0.34726934981987323,0.36107940455902343,0.9316056820551528,0.9435755297879993,0
0.44357395697501933,0.26587042288358714,0.9907936114455089,0.835476338447271,0
0.3462998392315884,0.08016549957187456,0.9307200153792382,0.4027620699181287,0
0.6411108738491113,0.049816663488118,0.9417572153088795,0.2856176458658808,0
0.35967057037086114,0.24031455091745735,0.9424093981393409,0.7955629753792608,0
0.3444580493586417,0.04953140351268517,0.9290209990172466,0.28440304864881305,0
0.3442565510716951,0.2668935724717189,0.9288338063896435,0.8369717055640058,0
0.5495606657978904,0.9525380120319669,0.9929010816319689,0.27551623436127776,1
0.4524691859609863,0.05184022720925495,0.9934715359252613,0.2941632685162604,0
0.3820982910177932,0.284201883741791,0.9595105089161096,0.8611131884120982,0
0.6356684715308156,0.04960790205872242,0.9462200433359269,0.28472901293035957,0
0.46038964080650097,0.8852076580109881,0.9954681318295282,0.5142039929741127,0
0.534883382931042,0.05243656374752321,0.9964860580385335,0.2966584993244087,0
0.650225349011905,0.049628897500402044,0.9338666385651768,0.28481844426977543,0
0.5059571021675379,0.960646373222064,0.9998976035484756,0.23932070287307391,1
0.4605593821708127,0.8955225481825163,0.9955069295823703,0.4830301838390437,0
0.6436998380958767,0.04990765954317284,0.9395691237814099,0.286004571983583,0
0.6453489681451551,0.04992698678755829,0.9381533697771998,0.28608672128772467,0
0.641517866155796,0.4960504292889781,0.9414160288395969,0.9999549900180961,1
0.5824969102083818,0.9518938895328836,0.980272702966172,0.27829671709862547,0
0.6263976085718816,0.8813299800342786,0.953397998697495,0.5255257570886309,0
0.3434499122344803,0.8394858867228204,0.9280818367805208,0.6355380594091334,1
0.6496515088901484,0.961003720905901,0.9343789024701226,0.23767108758413677,1
0.3548003179424503,0.11501230988101506,0.9382822348528987,0.5148518927570775,0
0.5421010912724894,0.23919203638731956,0.9948795799581269,0.7936940804936568,0
0.5758320520320599,0.6641014639327886,0.9833433615532432,0.9208397040666625,1
0.44594870140442655,0.9610055285456908,0.991553713254788,0.23766273056092135,1
0.6046637871495485,0.9553381539919296,0.9681569931549661,0.2632726949582229,1
0.6322085392867358,0.9609937649631229,0.9489612108216823,0.23771711333033252,1
0.3497915213180793,0.796539674573313,0.9338817284099117,0.7287949938955989,1
0.3563719571974148,0.05860589210655418,0.9396303701322942,0.3218857918140278,0
0.34747520038713736,0.9611071590281896,0.931792960306631,0.23719267319851461,1
0.43831140841697747,0.44494721018124994,0.988991671119434,0.9912371758429117,0
0.6519348148732644,0.9607589707838154,0.9323282217274755,0.2388014493797114,1
0.5735114892320234,0.049770523387447585,0.9843508626219987,0.2854213562368142,0
0.35578169698491796,0.3333854331121429,0.9391258746498885,0.9183479250224552,0
0.6507607933594589,0.96079254229089,0.9333867665227276,0.23864653761285662,1
0.6134770745525209,0.9607035055274548,0.9625189717311236,0.23905729280307117,1
0.3433430435490293,0.05004687037906502,0.927981898823123,0.2865960257369468,0
0.46524200323810133,0.049600168688771505,0.9965112943056313,0.28469606877966047,0
0.38072876006321704,0.9609331173177992,0.9585550970542143,0.23799740151174678,1
0.6003726771571933,0.9610490316864699,0.9707321748049718,0.23746157025718811,1
0.6281151267561679,0.9520723896481662,0.9521083618163835,0.2775275022910163,1
0.3511710144208304,0.049407142458234764,0.9351095248017721,0.28387318347796825,0
0.34527190190683704,0.9214424855401188,0.9297744318883212,0.3970759966879776,1
0.343352546743495,0.5904894427462526,0.9279907886695559,0.9762427523156625,1
0.5898108137002991,0.9610892763936849,0.9765997020642142,0.23727541213775394,1
0.6117545170645184,0.050103072692286,0.9636579580083815,0.28683464120776403,0
0.3436796221816398,0.04954524754340306,0.9282964020885403,0.2844620520662419,0
0.3455083456547441,0.9608613035862819,0.9299925296250191,0.23832911192949166,1
0.6131239551547089,0.9594026937034223,0.962753930792285,0.24502414573891101,1
0.36651185969799976,0.9607581300146916,0.9479561044875688,0.23880532845611857,1
0.3517690362341356,0.961012819681499,0.9356380395702921,0.2376290211349411,1
0.5584071043586798,0.04998444015732014,0.9901343005301624,0.2863308563550436,0
0.3518943334568499,0.9610652192351294,0.9357484869533801,0.23738669975421645,1
0.3436068100532015,0.25457218368843465,0.9282284269590546,0.8184447626455109,0
0.5295807589205347,0.5187607895429561,0.9974737473357363,0.9989841988311363,0
0.6517235931811315,0.1698652277436294,0.9325193137409177,0.6573963840082013,1
0.6415079479095652,0.049669196829649404,0.941424355773792,0.284990063899437,0
0.6337155397131429,0.8402676263153247,0.9477764215951195,0.6336689229526783,1
0.6450728684872824,0.9608997212159089,0.9383915911200302,0.23815168403644674,1
0.4540091342621196,0.37591250434765905,0.9938883038665964,0.9551039253315532,0
0.34372370011918335,0.04985789830607782,0.9283375353976058,0.28579301249045486,0
0.6515838219417157,0.9610751435849316,0.9326456087001344,0.23734079274626776,1
0.41272090862975264,0.04950031019716749,0.9779071314609916,0.2842705071705051,0
0.3435481717297468,0.47569908196609084,0.9281736593988952,0.9982954058207907,1
0.34948859063146437,0.04976439920266042,0.9336104939785548,0.28539529779434875,0
0.6330534449184214,0.921440023424778,0.9482986911477397,0.39708474224082035,1
0.6305805098203014,0.04952651943102894,0.9502253187555687,0.28438223123542117,0
0.644645304190617,0.9588730630978043,0.9387595497153143,0.24743550742943382,1
0.34349420459990165,0.11098430506031515,0.9281232352455018,0.5028777991432001,0
0.6278666176596855,0.9610505299859677,0.9522960869762417,0.23745464076013723,1
0.6486842659129546,0.30168760819077894,0.9352376315712949,0.8833440462169145,0
0.5313161002769323,0.9559692001335999,0.9971684503623308,0.2604774043586213,1
0.644434372171507,0.9539127814239806,0.9389406520801753,0.2695372634652062,1
0.35178358781502495,0.9610636703422581,0.9356508716404061,0.23739386411648278,1
0.4434086996682993,0.17535662854725878,0.990739489962496,0.6698129919804492,0
0.6478628790202894,0.049846636341728236,0.9359622174061111,0.28574512187874057,0
0.5890054589133596,0.04981059808853351,0.9770197445624321,0.2855918460941118,0
0.3850363929839621,0.9610774009301309,0.9615215385455782,0.23733035042733006,1
0.5721925859151954,0.9608733972776804,0.9849093217729918,0.2382732645616696,1
0.628104448565141,0.04941330100266503,0.952116436023448,0.2838994554679511,0
0.6346542096557805,0.04954435219479558,0.947031315714019,0.28445823625783634,0
0.35473101431852705,0.1741660098203448,0.9382224288182421,0.6671466868171384,0
0.34366019627464045,0.9610499352628775,0.9282782699850394,0.23745739130995808,1
0.43980393056546213,0.049431765634920084,0.9895191915487729,0.2839782175264519,0
0.6453003090551207,0.9077764371028618,0.9381953881664392,0.4438485522076485,0
0.5293636148031539,0.9609712661967713,0.9975107215286774,0.23782110977247392,1
0.6513677165595319,0.04967696452557515,0.9328406335589552,0.285023137876909,0
0.4791192922579166,0.09046690143162442,0.9987415925809098,0.43802635611764684,0
0.3449162133048413,0.04993871218158381,0.9294456695763367,0.2861365538411805,0
0.4353209582449038,0.41803061487885457,0.9878954298205183,0.980525334201482,0
0.3687638222775635,0.049614238377284604,0.9497181914782056,0.28475600427909276,0
0.5324500936392008,0.26737446719521524,0.9969595229612088,0.8376718814757578,1
0.5265608453886128,0.0495371115350144,0.997963460856238,0.2844273770168254,0
0.3954399796001667,0.04982686357127169,0.9682205751878606,0.2856610303913049,0
0.6149051065716165,0.056854179993241126,0.9615610455341331,0.31482849130648793,0
0.38279818493008366,0.9594052655813222,0.9599943425602738,0.2450124109590579,1
0.5788376693774163,0.04963481167672364,0.9819911504638934,0.2848436336232783,0
0.6462124744984091,0.5633637048557721,0.9374052262423934,0.9883840678025615,1
0.6504593705092132,0.04961362984493509,0.9336571293252609,0.28475341211602234,0
0.6231361757441275,0.04949582310592233,0.9557968927153051,0.28425137759903235,0
0.6473542766391949,0.06114125562473734,0.936408741497627,0.3319587171752109,0
0.6518947881488802,0.3691802295791794,0.9323644556380951,0.9500405709181845,1
0.36958568455696406,0.04958330823524747,0.9503534389967695,0.2846242369135431,0
0.34484380589154284,0.9595425250202709,0.9293786445922911,0.2443857775839013,1
0.5562365242851655,0.9610327677608343,0.9908554819999866,0.23753678384780263,1
0.47063972894718353,0.9608382144509271,0.9975112887507626,0.23843571949607809,1
0.36083474931741205,0.04992855728596151,0.9433739129347523,0.28609339609873563,0
0.6434181729217934,0.9603930488076023,0.9398092177626693,0.24048716382481952,1
0.6110348950322413,0.049665305509532756,0.9641284459059711,0.2849734944017934,0
0.6322464400289379,0.5214282988367286,0.9489315864600534,0.9986747038246322,1
0.3433532457249038,0.05209362750794854,0.9279914425150164,0.2952248315836757,0
0.38520890682798886,0.04952807257214223,0.961637982060376,0.2843888512655648,0
0.6287980041245813,0.04951738765747819,0.951590547998236,0.2843433069303541,0
0.6370864632682096,0.04982844276940128,0.945075097580363,0.2856677469905017,0
0.6517556186147722,0.21562605828729733,0.932490358609362,0.7521000053691014,1
0.6494171687678498,0.6495931198297761,0.9345874962811538,0.9344309090394267,0
0.6418387006613632,0.2259586434127097,0.9411463370518446,0.7708995111015842,1
0.5114358547139433,0.0684114512924686,0.9996226193190959,0.359967339027176,0
0.3572609177643538,0.5097326278561048,0.9403860299222422,0.9997266669177567,0
0.6190972983947379,0.9608988919757494,0.9586770780399013,0.2381555143955563,1
0.6254613277518415,0.9593691622088273,0.9540933651198855,0.24517711842017445,1
0.35962861505278143,0.9607500539631371,0.9423744800030764,0.23884258774859893,1
0.5380506364521972,0.4828500875794868,0.9958183435280172,0.9991511840420324,0
0.5830714217439368,0.9437221469232507,0.979995691988929,0.3124886499564987,1
0.6458155769211911,0.8901491515595464,0.9377496830691856,0.4994659080656544,1
0.6437574570295381,0.049497252048737596,0.9395199473932603,0.2842574696000324,0
0.5277412160214136,0.04942892187497659,0.9977783350912209,0.28396608797032297,0
0.38266432854480703,0.9606833242139958,0.959902039612037,0.2391503535452753,1
0.35160428929380744,0.055170513733999504,0.9354926667650065,0.3079675423197936,0
0.35295303118328103,0.2966581316802126,0.9366777480138211,0.8771673804867512,0
0.5008842156026923,0.04973373518803927,0.9999977440934292,0.2852648050201549,0
0.4923189017928005,0.16903394861875087,0.9998297573959709,0.655490083917545,0
0.34342660011152715,0.04942987781997745,0.9280600427444631,0.28397016541270953,0
0.4419182843262024,0.9607755782025752,0.9902441675383931,0.2387248217937405,1
0.4622872703322509,0.7969790076488686,0.9958923541001925,0.7279290880663182,0
0.38191872323111364,0.15956148472279413,0.959385892064867,0.6332594540551179,0
0.5915524417584359,0.049709110268449604,0.9756781058500217,0.2851599912406143,0
0.6282370198343068,0.8966135684526164,0.95201614368282,0.47963931931029447,1
0.5143590511450844,0.9481104446822051,0.999405001691709,0.294370064897671,1
0.6514336790880243,0.9610205862598246,0.9327811369687109,0.2375931113232848,1
0.34702448565850236,0.04958429953998532,0.9313825588869868,0.28462846048491014,0
0.43791271923153574,0.9609217436397371,0.9888485486772882,0.23804995017285116,1
0.6505900312532444,0.9550220768875006,0.9335400032894086,0.26466772178730574,1
0.368943582108302,0.04960644459621274,0.9498574919997955,0.28472280428102126,0
0.643133178911638,0.05393235212942275,0.9400516415253297,0.3028720852966935,0
0.6458374116879916,0.9015414489168745,0.9377307590878677,0.4640901843703439,1
0.461417950761923,0.09304296094638978,0.9957006092475009,0.44654608286301445,0
0.5046872624597619,0.0495088869382248,0.9999366058124622,0.2843070702052826,0
0.6517895071084208,0.960601382884896,0.9324597119316084,0.23952804438769856,1
0.47239320099038895,0.9605960289793403,0.9977998235311523,0.2395527131443818,1
0.5462335627828538,0.05098772040253292,0.9938235373050208,0.2905779977166544,0
0.37750313229490007,0.9609293909110834,0.9562594581922166,0.2380146188015001,1
0.5274999224457322,0.9610779064197633,0.9978168346072305,0.23732801204117887,1
0.648158148573793,0.9600505487578679,0.9357022370187684,0.24206037690451077,1
0.3662656209378491,0.2971401208122488,0.9477615209992838,0.8777668587931335,1
0.6510484616842079,0.5543908535034836,0.9331282030502326,0.9914470477922873,1
0.629228576370713,0.049965440390540704,0.9512625711945504,0.2862501322581537,0
0.35151933908071165,0.9607696591121861,0.9354176395287321,0.2387521340281998,1
0.6350819841132682,0.9456186082087575,0.9466899349244878,0.3047249974954777,1
0.6393010086744951,0.2149559787793656,0.9432618752136261,0.7508497240395084,0
0.48993380217324756,0.09215703795406882,0.9997076084629812,0.443629039649451,1
0.36818832402324997,0.9609084595127144,0.9492708759353622,0.2381113191969968,1
0.34409569148267627,0.9369825397348936,0.9286841810037234,0.339308439260389,1
0.4918682372436815,0.9610133077551688,0.9998091935371061,0.23762676452957443,1
0.3433661417454448,0.9160480166442578,0.9280035052284283,0.4159534217168198,1
0.43693293260430943,0.04957811964208852,0.9884928639577576,0.28460212980638,0
0.5442516588750764,0.09223286865530352,0.9943424028817632,0.4438792523649723,0
0.557623755138813,0.9608482212098606,0.9903977479850683,0.23838951862100044,1
0.5407513485535121,0.05685930018318967,0.9952029932071362,0.3148492386932059,0
0.34419256947167937,0.04960684002809374,0.9287743129814405,0.2847244887890171,0
0.3453251095485221,0.9611311718821605,0.9298235421788137,0.23708155169371656,1
0.4344940725961339,0.04946476596339664,0.9875830502406915,0.2841189564477092,0
0.6516225875508534,0.758587567091451,0.9326105931850552,0.7973812268414018,1
0.3899277668560789,0.35683910877155123,0.9647529180996217,0.940028091076334,0
0.3436198277555077,0.08035558158046358,0.9282405823688489,0.4034308663931268,0
0.372055791723031,0.050438937983348045,0.9522375155380605,0.2882586160427887,0
0.4245052346561918,0.959345764663489,0.9834917732408108,0.24528383476819124,1
0.4921411096698326,0.4368709191746661,0.9998217847457282,0.9884701622828631,0
0.4074868767180754,0.04951221646217772,0.9751620046684761,0.28432126350868653,0
0.6518076160201247,0.9607992189288561,0.9324433323484367,0.23861572390839883,1
0.6482607611501697,0.199194614762083,0.9356117590610131,0.720314397093929,1
0.4985477773582494,0.1699705904329337,0.9999939148462967,0.6576374976851148,0
0.5607274780893782,0.05622400033301494,0.9893328651293861,0.31226955251308347,0
0.3433467989102695,0.9283324865345154,0.9279854118777219,0.3721158969530132,1
0.3932545421447065,0.04963103284386965,0.9668677341555807,0.28482753913748776,0
0.3587248236303653,0.06314197911220695,0.9416196036004911,0.3397931510840889,0
0.41955238379034937,0.9609492067997873,0.9812448631060151,0.2379230564050802,1
0.4218023146208479,0.04943694916692788,0.9822835521027006,0.2840003263285939,0
0.5074612022916766,0.5781579206261883,0.9998393657005384,0.9823016402223105,1
0.3492610734861996,0.9385207484237681,0.9334063995039592,0.3332892213189532,1
0.6519479322635933,0.9587738604845082,0.9323163450861367,0.24788602331144152,1
0.3436846965305765,0.04961080839107487,0.9283011380783035,0.28474139343106386,0
0.4377011192963129,0.06496500848815945,0.9887722095681442,0.34684668029889043,0
0.3435771903491685,0.9573289654472753,0.9282007652248319,0.2544075283736409,1
0.35136206406556447,0.07753367925541849,0.9352786151449042,0.39342877161915485,0
0.36124662065203755,0.960793016353542,0.9437131148050502,0.2386443497975862,1
0.44278585464038334,0.5518284092492924,0.9905340744711273,0.9922353714627673,1
0.34371459760537265,0.7162979136698625,0.9283290419956975,0.8604462540024003,1
0.3490318243980184,0.41431148435882864,0.9332004190430041,0.978709016837352,0
0.34714928857855154,0.05044084370439823,0.9314963285001154,0.2882666860515887,0
0.3479453105643933,0.049675416125961144,0.9322196451873113,0.28501654511228447,0
0.34550096475545655,0.04945960761896203,0.9299857268141367,0.2840969594817858,0
0.6513985654293986,0.9457863942773823,0.9328128120725021,0.3040333112836053,1
0.34409008422193965,0.26427675817191193,0.9286789623629076,0.8331317249867543,0
0.34373000005008275,0.9610200252112276,0.9283434134464361,0.23759570548420944,1
0.4189462233734684,0.743986196662097,0.9809599006372663,0.8206713740052707,1
0.6142911477531205,0.04941754753959132,0.9619744116543265,0.2839175702672918,0
0.34386549367121527,0.9603352777277381,0.9284697721505544,0.2407528359416117,1
0.4250485300459582,0.9608684996960344,0.983729419581348,0.2382958817437546,1
0.6200144311384309,0.049645593975652005,0.9580318293258858,0.28488955427957563,0
0.354655815150453,0.9610068118242844,0.9381575009387502,0.2376567976714834,1
0.5603858688571189,0.049439645024655136,0.9894528325308332,0.2840118243756438,0
0.644319472175177,0.2594316908639577,0.939039185247738,0.8258875747759973,0
0.6397904330481534,0.9610749702528694,0.9428570080528398,0.23734159455998144,1
0.34336310350545735,0.07123640320798824,0.9280006634073878,0.370520817767262,0
0.44196737753416604,0.04956258064507797,0.9902606900130195,0.2845359176662581,0
0.5964350546335337,0.9609192690317754,0.9729977933827759,0.2380613826968424,1
0.36760430874886185,0.0668716105076379,0.9488148405468833,0.3541391424931954,0
0.4282072259600654,0.049550838924045985,0.9850765875636256,0.2844858809298201,0
0.6500900747612999,0.049801191639180786,0.9339875852488153,0.28555183262146155,0
0.4046992258093197,0.04978855774693178,0.9736331786346688,0.2854980858981999,0
0.34356247005010443,0.9608425131141481,0.9281870159033048,0.23841587318058421,1
0.6330023972002453,0.04962235368492274,0.9483388452233947,0.2847905719429781,0
0.3676216045640813,0.9608088815025428,0.9488283766011385,0.23857112663052524,1
0.37826864749595135,0.05004245403987571,0.9568100387210866,0.28657727143644296,0
0.40583073850574536,0.049509001269090504,0.9742593371145115,0.28430755758769816,0
0.6474745314093058,0.11682444012246027,0.9363033122249397,0.5201634000521117,1
0.6468386504868674,0.9610033302379638,0.9368597633001573,0.23767289369128125,1
0.6486990171774244,0.95413647676101,0.9352245797270204,0.2685585751566315,1
0.6489625506351882,0.9609326206830412,0.9349911744914736,0.23799969616716982,1
0.40029295811462906,0.06084743737278008,0.9711217060317356,0.3307997840465134,0
0.5584891425832249,0.9609007322176927,0.9901065026715463,0.23814701406301605,1
0.5276533485873954,0.677599409354015,0.9977923937679261,0.9069729321130662,1
0.5482050350845252,0.05906738612891877,0.9932847201184238,0.32373161196368905,0
0.4503092760484899,0.06917145715920979,0.9928637126817856,0.36282405693458675,1
0.5682099496409276,0.049541118723776735,0.9865334896274817,0.2844444556042453,0
0.4916158628374517,0.9606734838215175,0.9997971655877886,0.23919572424705587,1
0.512464644634986,0.23135822685086604,0.9995516580982652,0.7803714943330184,0
0.6142133972528198,0.9266658209549622,0.9620265957401462,0.37824473928774804,1
0.3547370492786222,0.9609345595894192,0.9382276379314365,0.23799073757405947,1
0.40508889616094607,0.9610555537681007,0.9738496802862777,0.23743140559947712,1
0.41374106758672574,0.9609520830317035,0.9784231731781465,0.23790976507362077,1
0.6024054345985338,0.2700989950718387,0.9695261028807935,0.8416066520417753,0
0.583400040738663,0.05950904158397042,0.9798363618803532,0.32549290691704597,0
0.46570519389123466,0.9598092477209181,0.9966037295035528,0.2431660986452484,1
0.5914154069498311,0.7786920326142914,0.9757512750531356,0.7625486316262408,0
0.6371673387775493,0.9608415620151811,0.9450094173138567,0.2384202643300148,1
0.6457545059398311,0.9567561257748209,0.9378025967315446,0.25697248292187413,1
0.45371075410506967,0.5029881127048321,0.9938086292591981,0.999974236725079,1
0.5040007135707658,0.9610547239075276,0.9999538167929782,0.23743524379950215,1
0.3451525800265405,0.06972973724589962,0.9296642329133964,0.3649142729891095,0
0.4424991367573457,0.7345343520796491,0.9904387519413502,0.8348826113476133,1
0.4502987983363868,0.06487603307149,0.9928606978828313,0.34650427240992776,0
0.4156349795171325,0.25952350693893805,0.9793647883901824,0.8260264863816649,0
0.6090111016716588,0.9247252103666854,0.9654347550307589,0.3853067323905189,1
0.34338670689059325,0.04948635313445492,0.9280227393060846,0.2842110027593221,0
0.6479954598331071,0.9609768416478631,0.9358455502137333,0.23779534008230754,1
0.5268760032520702,0.05074397216845107,0.997914821544273,0.2895489306483593,0
0.6213196878917724,0.9232461871916843,0.9571046331840423,0.3906364668710402,1
0.3968689051569099,0.935294172580349,0.9690895292126633,0.34584873801241856,1
0.6499831911985625,0.12241421827589848,0.9340830661646491,0.5362608756074211,1
0.3544955324758481,0.24491012322271039,0.9380189919600042,0.8031107358078226,1
0.35283888692230814,0.9610571793330656,0.9365778997758528,0.23742388709874318,1
0.6058207324883712,0.050793353309609594,0.9674436837505977,0.2897575536057765,0
0.35459122424408235,0.052410783586128926,0.9381017039047048,0.29655084261280323,0
0.379537272332277,0.9556064505262213,0.9577145564382822,0.2620859009866889,1
0.42419626994291904,0.9607653017900323,0.9833558495288932,0.2387722389977013,1
0.5328512996590162,0.9609345759629965,0.9968838199932077,0.23799066192037605,1
0.6401246149400561,0.9608861034648779,0.9425797008882673,0.23821458270796914,1
0.6422015129200472,0.06529878467037864,0.9408405806614542,0.34812949173396557,1
0.3485983910952944,0.9607856739122949,0.9328100669438931,0.23867823444814312,1
0.36000215310649086,0.9472671579953236,0.9426849764808454,0.2978943600155803,0
0.6116694961460253,0.9609977828785864,0.9637137083925056,0.23769853919929224,1
0.4373474643381237,0.9609054049726936,0.9886440352193279,0.23812542937582395,1
0.6495647868678561,0.9555895017103059,0.9344561371468127,0.26216094536848444,1
0.6518700184891804,0.9554273975607526,0.9323868730963779,0.2628782021118431,1
0.5054237231478672,0.04969727909338512,0.9999151194709158,0.2851096263105889,0
0.3437460294482396,0.9475448727168371,0.9283583682730836,0.2967360078033875,1
0.36044327531527315,0.9222725619190884,0.9430505259326767,0.394120616281315,1
0.40713381214891453,0.3726690491708541,0.9749709443252438,0.9526994359871706,0
0.3848794980694458,0.9607639433389694,0.9614154800594349,0.23877850683119484,1
0.5567697680935865,0.821415550802178,0.9906808627800513,0.6769705355991311,0
0.6218776199688094,0.056589796190234534,0.9567051168588308,0.31375622877053094,0
0.6420113513356709,0.8461715253082638,0.9410009404734926,0.619338712275409,1
0.6397485543598994,0.14343987547801973,0.942891710067365,0.5931771223656384,0
0.6489954382864459,0.9431280643925706,0.9349620158257023,0.31490043534500134,1
0.5265902175358914,0.9609457439268011,0.9979589520491592,0.2379390582367591,1
0.4689501442033479,0.8652026778812497,0.997216423349095,0.5704495820463256,0
0.41298026712718333,0.05042312803174136,0.9780389135691153,0.2881916626508926,0
0.4153157689262631,0.049720038906549496,0.9792075769013631,0.2852065103016398,0
0.3809946222930861,0.7662664533571031,0.9587414650320918,0.7844631507696145,1
0.36677964511447586,0.04963639155958838,0.9481672869889428,0.2848503623974963,0
0.3902873122347813,0.04952221017496477,0.9649847109038197,0.28436386329315355,0
0.5989358994639596,0.9606014495469357,0.9715696510806885,0.2395277372275346,1
0.5125669421504069,0.049589139206100426,0.9995442680251645,0.28464908002424705,0
0.6152868425580104,0.6436294593162576,0.9613028725961039,0.9396291620616907,0
0.6421395173615603,0.9609250708662156,0.9408928853320282,0.23803457823726387,1
0.6466266555876791,0.9610614318124018,0.9370447095715371,0.23740421821261876,1
0.5318595029236733,0.7909220574494855,0.9970692634193539,0.739716560251627,1
0.399583291456855,0.9610324606467222,0.970706313609718,0.23753820401911113,1
0.6442231051097985,0.049619772313698955,0.9391217613077584,0.2847795766482249,0
0.6137874504805322,0.18611873026544382,0.96231182692098,0.6932811644051537,0
0.528668884030226,0.9605590279160939,0.9976271825676541,0.23972317008578367,1
0.35027949159775085,0.9607110106567899,0.9343174174169434,0.23902268093175183,1
0.38711640454991086,0.0497159417441129,0.9629134278391626,0.285189070664867,0
0.3477717442531138,0.17070215843524056,0.9320622753390106,0.6593085021904865,1
0.513480388672227,0.04999399730601191,0.999475600838494,0.2863714575597921,0
0.3434520313540487,0.07160829123356964,0.92808381773049,0.3718970179404997,0
0.5502678538186752,0.20532145115193903,0.9926966994220147,0.7324441655856273,0
0.3610958980550695,0.9607203248187361,0.9435891083710218,0.23897972323841704,1
0.38673807417469025,0.05346767842770406,0.9626622179668696,0.3009486578722545,0
0.34471829010846594,0.049409717335991865,0.929262379746845,0.2838841678974483,0
0.373058671243699,0.30813431761649407,0.9529917030880093,0.8910080972606382,0
0.4268151750369128,0.24335375806404497,0.9844901366504523,0.8005731204627634,0
0.5663275999671901,0.9609249976042374,0.9872686633194221,0.2380349167154691,1
0.47074045023074323,0.17051826244407084,0.9975283444083968,0.6588889717396944,0
0.623763547220527,0.9607417186917176,0.9553405228334173,0.2388810403489626,1
0.34338593681238816,0.4550834027332968,0.928022019119529,0.9941708684577926,0
0.6484916413940458,0.9438292222862825,0.9354079383425771,0.3120529412315075,1
0.3844547441248426,0.9609316981419449,0.9611276002684639,0.2380039586586723,1
0.359458344764508,0.24787917850561964,0.9422326560239513,0.8078993649370454,0
0.6514179791851723,0.16999713340627487,0.9327953004045495,0.6576982211495106,0
0.6518401039308721,0.9607407319026859,0.9324139416784274,0.23888559246680602,1
0.6341425443714849,0.9611405079962452,0.9474381493181718,0.23703834202809976,1
0.6248039165579049,0.06007523730959889,0.9545783913481065,0.3277435107906495,0
0.6173828727429835,0.15675344554480616,0.9598694650654662,0.626485882203231,0
0.34952943798769176,0.6916979066638711,0.9336471013547012,0.8912037849847785,0
0.6292969470909638,0.7639996816587766,0.9512103861798882,0.7883254399131532,1
0.5523726534110474,0.04945799354778829,0.9920711424860496,0.2840900763559682,0
0.6457239512661146,0.38429394324250865,0.9378290613552414,0.9610183294243075,0
0.37165464652682423,0.9605740927452248,0.9519341069026188,0.2396537755452888,1
0.3438080725155312,0.08210608046594885,0.9284162366366577,0.4095569662685874,0
0.6190016724988942,0.9608669765759973,0.9587440593075013,0.23830291537112708,1
0.6419140595584698,0.04956760062689359,0.9410828970836109,0.284557308770372,0
0.36750131011005116,0.09340346549598498,0.9487341932848996,0.4477292541813077,0
0.6087087189361288,0.9605824894807008,0.9656278037083165,0.23961509312015786,1
0.5916723171675674,0.04944779645655304,0.975614006897269,0.2840465895221281,0
0.6354556647709041,0.7914503173413877,0.9463907909487321,0.738701350153045,1
0.5966002034363476,0.049412675276635856,0.9729046396910903,0.2838967862105132,0
0.6447943377750242,0.9609914577927756,0.938631423286169,0.23772777870057382,1
0.35867233905013135,0.04951541662431106,0.9415756094214045,0.2843349050401222,0
0.5773130434728739,0.9546170464008346,0.9826837462124598,0.266450448395243,1
0.6470526373947376,0.9233758732365867,0.9366727913404195,0.39017092951701315,1
0.5427312681626565,0.8783306753271539,0.9947249571062271,0.534140327790406,1
0.3910177997680654,0.9426864165694592,0.9654532303723414,0.31668722749176936,1
0.3587420513045241,0.6718746607519339,0.9416340405974473,0.9129995643495035,0
0.5001162664239353,0.9600454192079986,0.9999999609956389,0.24208390495101537,1
0.48917033115735287,0.04945051948451637,0.9996615700034437,0.2840582025445645,0
0.40154482306844186,0.4220829052688,0.9718470882498732,0.9824109868233014,0
0.3448602388794092,0.8032244806772884,0.9293938589652575,0.7154320676250863,0
0.650699197596093,0.08938347294199045,0.9334420620440724,0.43440857536145683,0
0.5722715299244934,0.9610064425343513,0.9848761832917399,0.23765850498951413,1
0.5643400712344367,0.05949815431086014,0.9880223257937366,0.32544954972785733,0
0.4836716175817506,0.04969475159671692,0.9992305718337383,0.2850988662846469,0
0.3549429903258118,0.9608618651723049,0.938405259661542,0.23832651870979665,1
0.6446973314945066,0.9533207127146028,0.9387148369482439,0.27211971527228834,1
0.6067515413867776,0.31759718318875946,0.9668639280162161,0.9017493188903446,0
0.5836563357894983,0.9604522233589317,0.9797116529353795,0.240214906323139,1
0.34434405852479977,0.9608500329481002,0.9289151329961033,0.23838115347491043,1
0.6445279427155166,0.049545871942871904,0.9388603487017322,0.2844647131255287,0
0.3617415450491652,0.07995887968183867,0.9441193131323762,0.4020342836388048,0
0.34364797760474614,0.23599157395568893,0.9282668638659792,0.7883106197692646,0
0.5582174139310334,0.849568123718117,0.9901984245157571,0.610920020847236,1
0.6499753348266678,0.9604544172334898,0.9340900815378109,0.2402048099215104,1
0.3438132733521904,0.0495236635459529,0.928421086405387,0.28437005826233264,0
0.6514958709615573,0.960997719927795,0.9327250160976672,0.23769883021474783,1
0.3799299162530841,0.4072126327604098,0.9579925092238442,0.9750136625688468,0
0.344542254647241,0.05007127639702848,0.92909914917335,0.2866996569675075,0
0.6476790743724027,0.9610173375517755,0.9361237761867819,0.23760813244122886,1
0.562498804730185,0.09687062788999319,0.9886998416533815,0.4589964887694852,1
0.3451132078522033,0.049809818163495695,0.9296278510483698,0.28558852852513533,0
0.5372914323228098,0.9608394122453238,0.9959837012561843,0.23843018952125108,1
0.38750297698965436,0.3665917501832861,0.9631692114069044,0.9480191548198671,1
0.47617990669215315,0.3631366172598508,0.9983622189274772,0.9452560532282119,0
0.41327540803049206,0.0521677393364048,0.9781883900456996,0.2955349513151554,0
0.6514501904023301,0.9610232830808564,0.9327662398404184,0.23758064166788828,1
0.41837905562166233,0.950252534809905,0.9806912970792787,0.285323237514045,1
0.5726909698597386,0.9611401842195766,0.9846994980892547,0.23703984059672967,1
0.6516835724101009,0.7503692618066308,0.9325554885276323,0.8106923335899517,1
0.6420378357511678,0.9595727170395963,0.9409786202532917,0.2442478474659251,1
0.38119657657580364,0.15891062559945093,0.9588827449054548,0.6316970441224061,1
0.3515193553358413,0.961127424377679,0.9354176538894798,0.23709889505250595,1
0.34534372120170453,0.049588768681097836,0.9298407163427571,0.2846475014169588,0
0.3702343363732875,0.04975274702457859,0.9508518524582013,0.285345714547941,0
0.48201422263884247,0.9296436610121172,0.9990664089949024,0.36725203333563794,0
0.3816501545402282,0.04989393302234492,0.959199142372885,0.28594622132017494,0
0.6033565030660653,0.9604664423156795,0.9689532725521688,0.24014946619926306,1
0.5766708670752381,0.9608227885214928,0.982971355294614,0.23850693298148457,1
0.4414340165256967,0.07334514686005654,0.9900804301643661,0.37828487463674343,0
0.3439506999753835,0.04946861183063734,0.9285491737613758,0.28413535602536105,0
0.5003632426126701,0.06564747119781816,0.9999996192866076,0.3494667962837986,0
0.35229677468769743,0.9408455256321636,0.9361025604237612,0.32407931419081537,0
0.4496621697736588,0.7821387662223354,0.992676317252855,0.7562429048635659,0
0.5883199304763002,0.9600418610118066,0.9773742445948121,0.2421002249840805,1
0.5614041932724227,0.9610688144967939,0.9890931959201569,0.23737006961166562,1
0.36168278549079913,0.9607829184394001,0.9440711676049381,0.2386909501541849,1
0.3437615516712399,0.9608884706997032,0.9283728483582842,0.2382036492606167,1
0.6501506821354832,0.9609808599519551,0.9339334114540756,0.23777676677152687,1
0.589178384289903,0.14970909063874344,0.976929879207605,0.609111824890473,0
0.39343840229573157,0.049664072908528055,0.9669826600176925,0.28496824580891655,0
0.6485503821761359,0.050959537745993475,0.9353560282397901,0.29045910565101285,0
0.6503102139553912,0.9609896355849311,0.9337907028361319,0.23773620208694282,1
0.44194857115592234,0.3572781239202754,0.9902543623327948,0.9404006069955677,1
0.5283683894926441,0.9608602313254336,0.9976766901260461,0.23833406324409784,1
0.6490108419737789,0.9609922155552335,0.9349483563389389,0.23772427581009517,1
0.49027910659012297,0.960966528050379,0.9997273256670338,0.23784300850716666,1
0.4863526136528191,0.9608671568068151,0.9994625260188423,0.2383020830865332,1
0.3505674535854246,0.06361068608508641,0.9345738188039405,0.3416142917246098,0
0.580597684914222,0.4449816993553414,0.9811745169824699,0.9912481740981648,0
0.5556750374682167,0.10431356207606897,0.991037553546443,0.48252199415345975,0
0.4099528712211427,0.04961062923668546,0.9764757152346178,0.2847406302701276,0
0.5827001713809389,0.9610395012214595,0.9801749208352821,0.23750564575394167,1
0.5135923282099468,0.9610449046504579,0.9994668545051861,0.2374806569709163,1
0.4009470645323451,0.9610510885647928,0.9715018965694407,0.23745205736242547,1
0.4790313466945033,0.9608797221867577,0.998730966795717,0.23824405457584896,1
0.34455797183219344,0.04951509401865752,0.9291137311319685,0.2843335298630385,0
0.6519388536732595,0.9551340776410709,0.9323245650664478,0.26417378418770887,1
0.636407341686712,0.9609158296214582,0.9456250129383977,0.23807727215275326,1
0.4229368909548444,0.9608196499442023,0.9827959731296845,0.23852142104220392,1
0.5308739708647093,0.2927231705057298,0.9972478897444138,0.8722130136425027,0
0.35634417502354354,0.9411642048125474,0.9396066738621078,0.3228060200400233,1
0.6446604980500773,0.9475527469550499,0.9387464937281791,0.2967031316552884,1
0.6515704909433362,0.09549691549002097,0.9326576478822648,0.4545564082735519,0
0.3883706671262022,0.9610154677066741,0.9637400292051798,0.23761677789803212,1
0.4308187871742506,0.9610179129582136,0.9861460039590784,0.2376054719523157,1
0.4550905520483443,0.05021902835581761,0.9941727264479991,0.28732664616345094,0
0.6370332278614772,0.06970963601197858,0.9451183086123571,0.364839134023697,0
0.6329925901836959,0.9606899773969395,0.948346557558024,0.2391196758866354,1
0.635103895183155,0.8645485375144996,0.9466724183679887,0.572201504632129,1
0.6500333731515814,0.9608790596184078,0.9340382467896777,0.23824711455144726,1
0.34359451373315875,0.12218977429192975,0.9282169441516365,0.5356227192187547,0
0.4517037661030136,0.8049573488099101,0.9932592471042891,0.7119019054899207,1
0.648097244071584,0.9607642533600932,0.9357559076572388,0.2387770764135765,1
0.6123031410216476,0.8338097533779697,0.9632971553371122,0.6489150288157486,1
0.5008436361643734,0.7513635494135854,0.9999979464034898,0.8091097881259357,1
0.4943240918933613,0.9611290008084443,0.999907042470387,0.23709159943568692,1
0.4099396424260381,0.04974609426397263,0.9764687646725301,0.2853174033501612,0
0.34468916669350724,0.3663497884907883,0.9292353884448546,0.9478280745079918,0
0.3449445016275615,0.9594696552492009,0.9294718459830092,0.244718538508718,1
0.6111485632420569,0.8482330057711618,0.9640543388888794,0.6142446005183608,0
0.6518424170438823,0.9610216263680534,0.9324118488305935,0.23758830206766587,1
0.6366809313526529,0.04951123637836861,0.9454038210575798,0.28431708558128854,0
0.4796293942837966,0.4855479940240007,0.9988023425310576,0.9993972721115778,0
0.46472603499979126,0.9258836179674901,0.996406861885369,0.3811007309994233,1
0.6514760101909515,0.9609012324800101,0.9327429407845061,0.23814470325956966,1
0.34797702925634894,0.05272021546314776,0.9322483833233386,0.297841742943488,0
0.644803448924821,0.04944292026747683,0.9386235857549255,0.28402579324589716,0
0.4840950661995101,0.9610400994573659,0.9992699686153865,0.23750287919811133,1
0.36330873751346227,0.18541377180086518,0.9453954593923162,0.6917782243882418,1
0.3454303150937621,0.5665099012055365,0.9299205930044021,0.9871983740395196,0
0.6134920084695167,0.049720266208979055,0.9625090182623572,0.285207477803022,0
0.3556675100991992,0.04961511062331369,0.9390280259954181,0.2847597197626207,0
0.42920044471198593,0.8449996512771486,0.9854880360411219,0.6222134912199597,1
0.6240679231094792,0.9610002636321343,0.955118238560287,0.237687070792721,1
0.6519376109678954,0.9609109725354841,0.9323256902018571,0.23809971024077542,1
0.6030921081366636,0.9609221493453187,0.9691130651596961,0.2380480758176342,1
0.5535090785269038,0.1496202525022357,0.9917226467457247,0.6088891700301012,1
0.3586981664560304,0.04972033854585176,0.9415972609012926,0.28520778570095895,0
0.4872714031257681,0.1248715045626281,0.9995324667338198,0.5432036019755456,0
0.6492523741381776,0.9608693474035155,0.9347339769695435,0.23829196707050238,1
0.6404940758113989,0.9610315311274111,0.9422723048496142,0.2375425023232405,1
0.408005663825239,0.05963897348984886,0.9754413942224494,0.3260101086359371,0
0.5764041997275037,0.15296269863858206,0.9830900703820176,0.6172050652983447,0
0.3454347039357124,0.051576320161489,0.9299246401227218,0.2930556861416508,0
0.39551510531998924,0.6397126720007218,0.9682665671658863,0.942921434599487,1
0.4895455695394305,0.04947877609608645,0.9996846179734166,0.28417869638238225,0
0.6311686845652424,0.960642166564762,0.94977051714237,0.23934009285703473,1
0.5943797270053072,0.04989701883159032,0.9741434494431659,0.28595933942028073,0
0.645815176756446,0.9608651932412743,0.9377500298600421,0.23831115053271912,1
0.3637122783599781,0.05980244255372924,0.9457215767620795,0.3266601902218547,0
0.5682591975517759,0.9610024721694291,0.9865139756899797,0.23767686062971138,1
0.5412355777380038,0.04952437509063132,0.9950881841714564,0.2843730911858454,0
0.6446879055018444,0.9607353587804772,0.9387229390018363,0.23891037835295725,1
0.4204239866020174,0.16410242687307922,0.98165079788026,0.6440341496928819,0
0.3851276063461244,0.04963264258030715,0.9615831283939722,0.2848343952443863,0
0.5170466030639074,0.9608173812404734,0.9991613815821416,0.23853189342397302,1
0.39710405963745443,0.04950740360662371,0.96923135099071,0.28430074685692397,0
0.3461684916795647,0.049549742036597066,0.930599566272416,0.2844812063850478,0
0.34344209603811815,0.9604881614061637,0.9280745299628166,0.2400494932650105,1
0.635273065748613,0.07051766784610279,0.946537076253232,0.3678525231442299,0
0.476855287889778,0.049521112222282504,0.9984538084313377,0.28435918324554443,0
0.3874287768213669,0.8513080137382009,0.9631201858007938,0.6065572969803738,0
0.3491608202123459,0.11613454055243255,0.9333163629206451,0.5181466927009253,0
0.6295755578336211,0.9609106912945934,0.9509974332497094,0.23810100945044388,1
0.5394006675120903,0.16348061141741635,0.9955160366957907,0.6425716379690466,0
0.5916366295065847,0.9610077944258281,0.9756330985276851,0.237652254837722,1
0.41509539427285547,0.9608330565172983,0.9790986889670981,0.23845953200553088,1
0.6116006216895409,0.9609313331581212,0.96375883894044,0.23800564501402646,1
0.5100833991176884,0.5084439758637097,0.9997066082540571,0.9997942598052207,1
0.6319696545295929,0.049546099000618675,0.949147725235417,0.2844656807949562,0
0.5128406298390231,0.9608926411149611,0.999524199454112,0.2381843870167472,1
0.3585190001097306,0.8769063981838151,0.9414469770590047,0.5381884323971973,0
0.6031108433289369,0.0670366865024981,0.9691017560249569,0.35476654732035656,0
0.34606599993192344,0.9604830001380309,0.930505502303363,0.24007325219691605,1
0.6458555227743172,0.25063003505504683,0.9377150601028501,0.8122751801311364,0
0.6519560787373796,0.95942912255051,0.9323089686211251,0.24490354641278253,1
0.528553002563705,0.6913691704384578,0.997646336386491,0.8915866593453285,1
0.36145673434759895,0.9604476826272301,0.9438857480285311,0.24023580258483315,1
0.6400273958163601,0.04972615188624226,0.9426604463234425,0.28523252934359,0
0.6371429837383392,0.6272783503085129,0.9450292007172365,0.9527389478909062,1
0.474511958649947,0.7885032334676612,0.9981247217967093,0.7443340301279979,0
0.6323769136128369,0.07185280984164723,0.9488295362194668,0.3728002414915941,0
0.6428698254708448,0.9609852863759264,0.9402752033480766,0.23775630633952263,1
0.4030696689806096,0.049565317958403785,0.9727179381224698,0.28454758197836083,0
0.34404970166692794,0.05445386898416784,0.9286413726476832,0.3050235351989766,0
0.6368472029290128,0.04949859884606273,0.9452691656876716,0.2842632113334733,0
0.5043885500187544,0.04949727426423014,0.9999444284876369,0.28425756431067795,0
0.3994996603885484,0.9556998548378043,0.9706571620148621,0.2616721587506306,1
0.650612802920201,0.9607142568390216,0.9335195793765805,0.23900770964447735,1
0.6097149720002812,0.9606629051256506,0.9649832407702956,0.23924449489028357,1
0.638343997376634,0.960975963190483,0.9440492155015437,0.23779940038462788,1
0.3434661335172284,0.049587420155210137,0.9280969996808633,0.2846417560396521,0
0.3555071484265976,0.9265257224798988,0.9388904708071323,0.3787572202440512,1
0.5965547306576521,0.9610154306434416,0.9729303053377478,0.23761694926304555,1
0.4201081708720064,0.3829492069819192,0.9815042316203786,0.9600983510314831,0
0.3452053527730554,0.9610090725123216,0.9297129820603526,0.2376463458411773,1
0.5895568209593761,0.059471021963019566,0.9767325924785204,0.32534148528283197,0
0.6140825383324039,0.14927422139502775,0.9621143416959547,0.6080210593607226,0
0.3829210864594488,0.42256030498256947,0.9600789950559805,0.982626735459966,0
0.6494825225280093,0.9607238491513804,0.934529357755973,0.23896346785684394,1
0.6036568347237815,0.08638113142958086,0.9687712496036325,0.4242737364158903,0
0.5264772408985524,0.9609806099876533,0.9979762673342962,0.23777792216877114,1
0.44798841296756664,0.9607414483840443,0.9921802893859374,0.23888228729841032,1
0.6489525696983227,0.9568000022531683,0.9350000223791667,0.25677642751357416,1
0.3791053785135719,0.049486945653007985,0.9574077277776114,0.2842135290188304,0
0.4687130587509028,0.04978562061187762,0.9971737243769396,0.2854855901295779,0
0.4665290997294775,0.9609306487632918,0.99676507553882,0.23800880714827266,1
0.4202991647332068,0.05012829559477857,0.9815929401436434,0.28694169774290235,0
0.3437165245853195,0.7187848297129151,0.9283308400723584,0.8571012863128782,0
0.6277751578188957,0.9597266919321517,0.952365080250531,0.24354389618128786,1
0.6388130497335829,0.05683253286821124,0.9436640382120345,0.3147407677662202,0
0.6487286921864405,0.05169485618426208,0.935198319255903,0.29355341939870927,0
0.6514663041272518,0.9599582521937057,0.932751699762099,0.24248356847952357,1
0.3434670881404582,0.04946387309001467,0.9280978919657887,0.28411514898502577,0
0.48042724551071037,0.06518275134634355,0.9988943455904152,0.34768383682202886,0
0.47892187688043114,0.10763888912709772,0.9987176779348935,0.4927527981246763,0
0.6519562168124404,0.8953336128339217,0.9323088435933515,0.48361552109004247,1
0.626982277403226,0.9609069624973358,0.9529610303324509,0.2381182345725753,1
0.5924416816123322,0.2839570640909253,0.9752005746020571,0.8607867202111119,0
0.5776549756121335,0.15449629265981354,0.9825296117267555,0.6209788271444414,0
0.5213938686570001,0.9610894254548688,0.9986789605746091,0.23727472251608295,1
0.3434074457891745,0.727835658401492,0.9280421331505811,0.8445532150006494,0
0.6443683311088136,0.3475564013459962,0.9389972961389979,0.9318667609667024,1
0.6514407258022098,0.9508744573650026,0.9327747793702204,0.28267064834598854,1
0.6501578965641743,0.9608088064839553,0.9339269612979781,0.23857147289002373,1
0.3452327953082692,0.04943846009750973,0.9297383252448582,0.28400677059485807,0
0.6515031761386814,0.9610983777463135,0.9327184224192612,0.23723330376229532,1
0.48642853469727737,0.956162451432159,0.999468490103424,0.259618654407677,1
0.6492854225164958,0.12721483724807084,0.9347046151136067,0.5497500870954063,0
0.6501064079137326,0.11874034225051566,0.9339729881825057,0.5257291461429151,1
0.42559146730858627,0.4019992434749474,0.9839651684768442,0.9721080701849576,0
0.41147643326586064,0.9590704924160232,0.977269232669642,0.2465378355687142,1
0.6191153606250179,0.8675368974166913,0.9586644200488811,0.5641547647374179,1
0.6085725986180501,0.049424729896619175,0.9657145255323654,0.2839482073736985,0
0.3480870938364592,0.9580438085357843,0.932348055694616,0.2511904652401751,0
0.4312378933765329,0.9571981856528505,0.9863138870439327,0.2549941252729664,1
0.5781980276342483,0.05292750712861327,0.9822833963777156,0.29870498254929434,0
0.6305718630249699,0.049529890825812835,0.9502319888400549,0.28439660120413407,0
0.44791181063889496,0.9609012947284461,0.992157196803499,0.23814441572194858,1
0.6305386394148931,0.948193866910899,0.9502576130200173,0.2940202952770209,1
0.4115091423771885,0.9610270868970137,0.9772861168823397,0.2375630529735234,1
0.6258046974269669,0.04952389525622083,0.9538389750766507,0.2843710459174348,0
0.34604050953332427,0.9610433595438971,0.9304820975526333,0.23748780260996305,1
0.3539697697911568,0.052608247671102976,0.9375635146018748,0.2973749513708726,0
0.5349064123532377,0.33744558726168233,0.9964814130345876,0.9223533068195888,1
0.3540173962709475,0.13043152476680892,0.9376048460654234,0.5586204567835426,0
0.39836219698418535,0.9609709321255395,0.9699844751644798,0.23782265380905246,1
0.618048318615783,0.7073118173185418,0.9594087792017567,0.8721684790419578,0
0.3557491859789224,0.9603119935233386,0.9390980237819904,0.2408598773634912,1
0.4253500342689602,0.8463432086970679,0.9838605506168886,0.6189162716863584,0
0.3762735797080202,0.9610399575436394,0.9553675974787093,0.23750353548268027,1
0.39088552446626645,0.40224459486460673,0.9653686315209888,0.9722484647534959,0
0.5263327831030472,0.7964121511946558,0.997998299952499,0.7290460148937035,0
0.6428463197321361,0.05015379704621995,0.940295136279119,0.2870499169596973,0
0.5552084944934966,0.9607901658290865,0.9911874366694449,0.23865750493522925,1
0.38646247776391196,0.04984825244427714,0.9624786749274644,0.28575199446427735,0
0.3486447192067883,0.5631130647886048,0.9328518472195675,0.9884760275416269,0
0.6317818974845588,0.951326849324772,0.949294072141486,0.28073363442461985,1
0.5791060740322654,0.9440473543145271,0.9818677979518318,0.31116435734665115,1
0.596117712108494,0.9610466273976312,0.9731763344873133,0.23747268969061078,1
0.6011073547353808,0.7621895148748474,0.9702991467336977,0.7913801940943419,1
0.6135083309244588,0.1634090105782143,0.9624981377797982,0.6424029709397999,1
0.3939916620034825,0.049632624626501906,0.9673272546871869,0.2848343187768965,0
0.6501263221179427,0.6690174740553618,0.9339551884130666,0.9159270667610404,1
0.6485298719594306,0.9567974770958673,0.9353741559047818,0.25678771261877564,1
0.4021705024560897,0.8389165583250334,0.9722061057884991,0.6368952022783927,0
0.6055150096395865,0.0495876268076064,0.9676329615483823,0.2846426364831566,0
0.4420103092266782,0.13057156869351869,0.9902751272548782,0.5590036332993382,0
0.45496343238561704,0.04949916737685716,0.9941396457614773,0.28426563510557923,0
0.4725793415454661,0.9611317197838342,0.9978294080096601,0.23707901597277253,1
0.4615006030064654,0.04978641825658295,0.9957190284741557,0.2854889836610037,0
0.5445440975246386,0.9608054760871535,0.9942672791986457,0.23858684461675816,1
0.6506071835521973,0.17797910402418746,0.9335246196947691,0.6756360611353269,1
0.5810646353003549,0.9610628071516731,0.9809547760077776,0.2373978567411526,1
0.34850755843443987,0.06871675361231774,0.9327281113655235,0.3611164762995915,0
0.343982761681575,0.1133491947760094,0.9285790392390484,0.509936214437586,0
0.6408930605826505,0.9607797412062097,0.9419393840574803,0.23870561180046698,1
0.34387238674762194,0.9610274092431583,0.9284761973608178,0.23756156243217746,1
0.4214909181046681,0.053441153449766306,0.9821415811648545,0.30083867759603666,0
0.5744080854877257,0.9609570806778874,0.9839653619401263,0.23788666973578265,1
0.34379318715212465,0.9608307905403939,0.9284023551120699,0.23846999296472798,1
0.6470028507838188,0.07685631058196712,0.9367163184194489,0.39100416350192657,0
0.6357189919125971,0.9533464158732553,0.9461794663734076,0.27200784165936787,1
0.39771742445274455,0.6587946085700005,0.9695997036525418,0.9259675137475107,0
0.6438520491161309,0.9604446569261642,0.939439170011201,0.24024972630273522,1
0.39036267037051725,0.23767307977356902,0.9650331936586927,0.7911492315904527,1
0.6444840605684242,0.9609081874938218,0.938898015758457,0.23811257577886838,1
0.6299699964407165,0.9559043765045628,0.9506951274309591,0.26076517387206993,1
0.38019103508989466,0.08046133767061307,0.9581768326200325,0.40380265976454166,0
0.5826471438043005,0.07008996453096546,0.9802004542550677,0.36625929124007417,1
0.6510210546251927,0.9607094339914535,0.9331528598444151,0.23902995231587698,1
0.6494829207981737,0.22933358895926834,0.9345290033729569,0.7768477893271902,0
0.49231225736632256,0.22850308130004782,0.9998294627250062,0.7753926972490777,0
0.3772850027192033,0.054129759573249565,0.9561019146314725,0.3036873647820257,0
0.40630503363138426,0.1347339068470444,0.9745195245822886,0.5702794617922101,0
0.514702451094226,0.2659577658948773,0.9993761981994204,0.8356042949684498,0
0.5489233020193157,0.8779481217913265,0.9930827869067573,0.5352303065132202,1
0.4680157784943946,0.9610679388110991,0.9970462572122623,0.2373741202050186,1
0.6284166051732181,0.8130008809814504,0.9518801112835921,0.6951514690804987,1
0.6488819889745776,0.9608339936522183,0.9350625726816775,0.23845520563286654,1
0.624568375606892,0.0598202990509609,0.95475152195665,0.3267311601299482,0
0.382925009095267,0.06918641717481112,0.9600816953824491,0.3628801584757107,0
0.5983204063828581,0.9610212890887286,0.9719246187303503,0.23758986158540724,1
0.34744863361008904,0.04954949457391385,0.9317688056006013,0.28448015178187713,0
0.3503721407701249,0.7665597760007197,0.9343999695966931,0.7839603479299709,1
0.6074046568065782,0.848324573663107,0.9664540068890644,0.6140172268459332,1
0.43545334133815006,0.055354633157415734,0.9879450686006284,0.30872161067752185,0
0.34578800614872574,0.05040950280386764,0.9302500304511698,0.28813395527962543,0
0.6495175521897312,0.09756647306485312,0.9344981843234006,0.4612336840920639,0
0.6503776355320549,0.28347808433952676,0.9337303425708363,0.8601467682152244,1
0.3460445010234988,0.21207938608503957,0.9304857627289433,0.7454386550264812,0
0.35653986369802637,0.04956406426739556,0.9397734794215066,0.28454223974548654,0
0.35349126775433487,0.8861249328898,0.937147464140562,0.5114948067026498,0
0.3442926288400852,0.04952896478064686,0.9288673418334306,0.28439265413654663,0
0.37873272163823724,0.9610975095588217,0.9571420637912778,0.23723732066191566,1
0.6257850150781388,0.9572186636248345,0.9538535766320364,0.254902313628712,1
0.37756429362031496,0.9611005612904826,0.9563035793744405,0.23722320088769103,1
0.4532641510602263,0.9611097645125644,0.9936884072907495,0.23718061717665095,1
0.6515973944501385,0.9610658733321169,0.9326333502508215,0.23738367421843673,1
0.3448899035095577,0.09608117218459121,0.9294213194006009,0.4564486574040884,0
0.6345593549477294,0.9609912088107696,0.9471068592449037,0.23772892965894366,1
0.34869654612979073,0.07001269157192398,0.9328985703527057,0.36597101157296724,0
0.3456647867007409,0.18208970302999483,0.9301366361136283,0.6846272589524225,0
0.45165536152925817,0.2504212038196464,0.9932457073960794,0.8119450344340967,1
0.6286633483623435,0.9256548247961498,0.9516928831516117,0.3819336671274302,1
0.524667641394002,0.9001986258320938,0.9982435487533966,0.4683656482034463,1
0.34655376448649217,0.050094976231480876,0.9309525596946917,0.2868002723574246,0
0.6424059928643122,0.9608676549858213,0.9406678931040089,0.23829978254833786,1
0.3699335010287606,0.424636936646098,0.9506210193259383,0.9835495418947222,0
0.39291961592425734,0.05135682726547994,0.9666578557817109,0.29213293974983845,0
0.5988695366570824,0.9598877390827489,0.9716080333035297,0.24280666465088085,1
0.407974716540999,0.44225420882992467,0.9754247728502171,0.9903569421902886,1
0.36967716163308567,0.9609488630213917,0.9504238862444947,0.23792464501529445,1
0.6423284080771173,0.9609348476925726,0.9407334459784608,0.237989406399507,1
0.3476161872603422,0.8926979081848591,0.9319210714415938,0.49172423264759013,1
0.6516031100257434,0.9608225606448456,0.9326281876938338,0.23850798490096525,1
0.4858225712029656,0.1560575912434572,0.999419960333213,0.6247940798982283,0
0.5165915398282805,0.6351016823773898,0.9992055663127568,0.9466741875061538,0
0.646124112711741,0.05506889529188628,0.9374819990831824,0.30755095835836366,0
0.6472662353930435,0.9608335905886694,0.9364858707128622,0.23845706641827746,1
0.3938210165044086,0.3799206890094665,0.9672211664068551,0.9579859880888115,1
0.6337415285631688,0.0496204238030756,0.9477558656709855,0.2847823516723297,0
0.3516929829990508,0.0498182227484329,0.9355709514880295,0.2856242781513147,0
0.6450000186162563,0.960259025476153,0.9384543665650276,0.24110330400117375,1
0.4075349702361199,0.9611383691229296,0.975187972755104,0.23704824151897952,1
0.48532436548401353,0.04945181272976932,0.9993784720209676,0.28406371782729045,0
0.6511755302886928,0.050204328694866386,0.9330138232966442,0.2872642973874278,0
0.48976487906631067,0.05864279947330186,0.9996977120565178,0.32203361315293627,0
0.5880451512385994,0.9610346911402529,0.9775155522852825,0.23752788958493185,1
0.6484646621256492,0.9607184099042014,0.9354317730048058,0.23898855525510934,1
0.5701120677369175,0.9607600949017212,0.9857694306429359,0.23879626296806153,1
0.5491123284991172,0.06022814763294343,0.9930291444951338,0.3283499150697108,0
0.6498339408365665,0.04975238488675569,0.934216272860275,0.2853441734847816,0
0.45726913674185293,0.04946315809216016,0.9947250571964276,0.28411210001587417,0
0.3584311070775698,0.9605257390754347,0.9413731791999413,0.2398764809626342,1
0.6142468303219182,0.9597506466642411,0.9620041608563743,0.24343429909271824,1
0.48791667501323877,0.10864061039474378,0.999578672575951,0.49580196336009336,0
0.4836550440726416,0.7948742118983406,0.9992290088043965,0.7320619667229903,1
0.5299698052155482,0.8293559970183686,0.9974068196379469,0.6591758667333854,0
0.6415322097898057,0.7912069822527091,0.9414039854480307,0.7391692943640618,1
0.6041230938500725,0.9581416215838039,0.9684875847819748,0.25074884982972073,1
0.5970073706717222,0.049600959949286136,0.9726742747969559,0.2846994396329623,0
0.378690221279505,0.08077055319828895,0.9571117115525511,0.40488847979699627,0
0.39399695593251377,0.5770781897721309,0.9673305430458867,0.9827892119681917,0
0.6463208218765354,0.9608748675937424,0.9373110217406929,0.2382664744174111,1
0.3453314812215572,0.04966332456477977,0.9298294219782892,0.2849650592306333,0
0.3454876120838826,0.9610449528680596,0.9299734190702801,0.2374804339779699,1
0.38721080991976675,0.09496534413818893,0.962975976931417,0.452829840075536,0
0.3754203448811534,0.049898347294835894,0.9547432389142592,0.2859649867682235,0
0.6378062791108488,0.847980822025914,0.9444890885072997,0.6148703163311896,1
0.61749638610943,0.9493236523520093,0.959791071525258,0.2892631154760116,1
0.43948929902863015,0.2183988176009642,0.9894090728400726,0.7572329948552501,0
0.6124700955530422,0.06321138679802996,0.963186994665913,0.3400631687037618,1
0.6516875780366592,0.2852556081640807,0.9325518682990633,0.8625134859597616,1
0.6194587492832884,0.9607361939399414,0.9584233939375988,0.23890652588558867,1
0.5994585439925547,0.04943926014109332,0.9712664448772348,0.2840101828303754,0
0.5900743074604168,0.7235683804527966,0.9764614341100515,0.8505429615749955,0
0.647775242757233,0.6450113397942114,0.9360392737016414,0.9384446131899989,1
0.3458722436158405,0.9609570116788135,0.9303274953759209,0.23788698860381347,1
0.3492068043243873,0.10892669601454963,0.9333576687681109,0.49667003705410806,0
0.3681070517398288,0.08161547330281452,0.9492075402216943,0.4078459881063278,0
0.3996032192521935,0.9607442576882621,0.9707180193551492,0.23886932763221025,1
0.5732121687488567,0.15889235239375915,0.9844785027016992,0.6316531127385947,0
0.3958771007909483,0.05103928592561712,0.9684877034721311,0.2907954720378864,0
0.4704163598555264,0.823424038974394,0.9974732549000529,0.6725289416623653,0
0.5877484776611308,0.9609599616014303,0.9776676145111616,0.2378733558514144,1
0.3668715893439121,0.05299945416419229,0.9482396938508837,0.29900430742243206,0
0.6407626843958403,0.2936943780147425,0.9420482822675567,0.8734458221092041,1
0.43156605603877823,0.6384720877049521,0.9864446192786822,0.943944166542853,0
0.37301722805227516,0.9608185190001322,0.9529606598286081,0.2385266415272975,1
0.3481786943663106,0.04949422006702403,0.932430948654557,0.28424454330100657,0
0.6401779158596307,0.30860046851403083,0.9425354066373719,0.8915513289008057,1
0.598470168792918,0.04948781819342014,0.9718384570281252,0.28421724915870716,0
0.6223611505593515,0.05290085785422364,0.9563573321563577,0.29859407443032066,0
0.4329664820586862,0.8500699733497062,0.9869953990761474,0.609665168680114,0
0.5363421701623039,0.9610399861560819,0.9961857488282333,0.2375034031635868,1
0.5658334378143006,0.057837911721436874,0.987458214012995,0.31880176404759625,0
0.4902422966081407,0.9610177992833139,0.9997252565610211,0.23760599754843686,1
0.4436340519324197,0.0961312984028131,0.9908132528602418,0.4566107380894493,1
0.6517182756178964,0.9608653533639901,0.9325241208743404,0.23831041111597867,1
0.4267613326964104,0.658885117074387,0.9844672241661219,0.9258815778444989,0
0.6485618073253352,0.16144723321638071,0.9353459291285363,0.6377605817381671,1
0.353125365507434,0.04960395929793173,0.9368283423522659,0.28471221700077143,0
0.46682867766134895,0.04950238142273178,0.9968227665308772,0.28427933710526915,0
0.4160661337234165,0.9527907510681722,0.9795761713850956,0.2744216287522695,1
0.3438178461980263,0.390946095317851,0.9284253504311546,0.9654073837660384,1
0.34355756629333434,0.9608757638663838,0.9281824352994014,0.2382623352526915,1
0.47251034248165275,0.9608870646702158,0.9978184649508223,0.23821014325547413,1
0.34353791030708763,0.04946941492606427,0.9281640730797104,0.284138780533986,0
0.6445620987022033,0.9608775243742683,0.9388310218835275,0.23825420478855996,1
0.34905078369192233,0.06766537335345814,0.9332174666378781,0.35715025593976024,0
0.6427545429749585,0.22799477241400878,0.9403729299811165,0.7744993302616527,0
0.6447472995769161,0.7144815156785563,0.9386718778464298,0.8628615976755742,1
0.5027759865276578,0.04950759213404584,0.9999777647777912,0.2843015505410867,0
0.6264090008333657,0.04956029424454171,0.953389504511925,0.2845261746197957,0
0.5931147036669804,0.9596861343452523,0.9748360136046056,0.24372940540971572,1
0.6451584232310353,0.9609449046599661,0.9383178250638602,0.2379429363941016,1
0.6513246711115073,0.6626853857945776,0.932879444596834,0.9222257643860172,1
0.38899463030505316,0.5124546766315168,0.9641476823844704,0.9995523749656856,0
0.34945607796137756,0.9608727429639696,0.9335813485753711,0.2382762862557005,1
0.34437635339380895,0.3666496840822843,0.9289451344445488,0.948064851999954,1
0.4057286874874522,0.04972408338222229,0.9742031783245166,0.28522372517363737,0
0.5637878302927488,0.04970467361139783,0.9882276170925985,0.28514110503590656,0
0.47005541290886454,0.9579990476597083,0.997411184484231,0.25139244121843723,0
0.3512057274311861,0.6040562148989167,0.9351402650679661,0.9685283534491085,1
0.3501972822042941,0.9610687516984575,0.9342441217166161,0.23737036009418389,1
0.6038354750722112,0.960477044772411,0.9686627225250495,0.24010066534978575,1
0.4463169333479688,0.9609549767039525,0.9916686262181935,0.23789639282781544,1
0.5380194798775502,0.30168352880554694,0.9958251953825432,0.8833391067703944,1
0.6478201207086752,0.04948865283642509,0.9359998197487511,0.2842208076983651,0
0.5924676872316622,0.7132118352116259,0.9751865382165787,0.8645360863805145,1
0.6468958317772269,0.049523178635015305,0.9368098292241037,0.2843679913448849,0
0.6504417652031101,0.9524203494120608,0.9336729026747905,0.2760251318181945,1
0.5421111925390655,0.4904139351972622,0.9948771196720367,0.99973483764686,1
0.4632029187456065,0.04947623631937412,0.9960895748012915,0.2841678670892188,0
0.4542418507389493,0.9324792327812153,0.9939500850421745,0.3566027752704716,1
0.3567554398097214,0.049777523785051396,0.9399569583247032,0.28545114156863355,0
0.5390655756115735,0.049512716714418904,0.9955920597018622,0.2843233959859297,0
0.3472600793746496,0.2028510930446402,0.9315972416651653,0.7275937628320264,0
0.629278688197207,0.05085785255250385,0.9512243253934773,0.2900299368724447,0
0.6519330198440328,0.9610695786793739,0.9323298468832133,0.23736653476571132,1
0.5258559729570428,0.060477831189533815,0.9980701656687669,0.32933881745179777,0
0.6163111971540186,0.14973164220362248,0.9606056982587846,0.6091683316001144,0
0.345265327911167,0.049510618412788636,0.929768362881104,0.28431445128599725,0
0.6478277042346824,0.04957908808205914,0.9359931515181807,0.2846062561138728,0
0.3953794734567856,0.9541405254445752,0.9681835085550401,0.26854084660577504,1
0.41969392816799117,0.9609376208040783,0.9813110911075473,0.23797659313307365,1
0.36624066104595054,0.050853403843996406,0.9477417760884255,0.2900111537658383,0
0.591737239769208,0.9410813578478116,0.9755792561097532,0.3231372920495498,1
0.6508137758647651,0.9566036898599014,0.9333391839957672,0.2576530984321993,1
0.5180376599553901,0.9611095036381714,0.999061013896948,0.23718182429889295,1
0.6508990932033121,0.05163536019866479,0.9332625247488255,0.2933036472489344,0
0.34588796538939814,0.1805964564300404,0.9303419481361107,0.6813801327532081,0
0.6493607979453686,0.9572707446910365,0.9346376218694488,0.25466874500299874,1
0.621992816015302,0.20959914029695864,0.9566223910235885,0.7407158122960738,0
0.6492204849065052,0.28446418390690503,0.9347623024212012,0.8614624953023011,1
0.4775262276471212,0.960937797467134,0.9985421836527045,0.23797577684473906,1
0.43410581383542945,0.07699333605387654,0.9874349894817541,0.39149538984427196,0
0.5367015980143248,0.04951595598419674,0.9961098607387929,0.28433720417235303,0
0.47016692056946324,0.22829749522054002,0.9974304404941011,0.7750316288482113,0
0.37104760448461516,0.7797162656848009,0.9514730763228829,0.7606852551680938,0
0.6445744188932561,0.9605363666962652,0.9388204417886022,0.23982754031894232,1
0.6225095888031712,0.07890039405741209,0.9562502784314371,0.3982927600005536,0
0.5267685891663169,0.45496385828742814,0.9979314636715406,0.9941397567519978,0
0.6465035055760651,0.9607736040649523,0.9371520164588849,0.2387339311312164,1
0.3434176315957978,0.9608546265619866,0.9280516573328728,0.23835994330632346,1
0.36705309252362517,0.9471863367113039,0.9483824750190475,0.2982310478380722,1
0.36746760533633394,0.9604383462027003,0.9487077883687167,0.24027876596874687,1
0.41673278645381046,0.9610154190263779,0.9799008399949989,0.23761700297551874,1
0.6502400531590584,0.05054208933007473,0.9338534848129985,0.2886952658440596,0
0.3708895643032088,0.052198394825258516,0.9513526757715765,0.2956631818396827,1
0.39001578946100574,0.04981235462409667,0.9648097372428477,0.28559931780568426,0
0.36452733551647376,0.049431163613494714,0.9463771614269929,0.28397564973103456,0
0.368860516159895,0.04973897775336701,0.949793146944957,0.2852871171428266,0
0.6291760127474603,0.06321480195000587,0.9513026715420568,0.3400764516831702,0
0.6481748353234604,0.05147182127093296,0.9356875281236603,0.29261655119343816,0
0.632621892656984,0.0572247834236255,0.9486376398365127,0.31632838532343116,0
0.5811705794296478,0.06231883156242138,0.9809047401924536,0.33658185691548687,0
0.5030521425302041,0.9607870728726635,0.9999731207681712,0.23867177854162608,1
0.42089530624850297,0.10109755146810691,0.9818684333873469,0.47246512566301296,0
0.6458447883961212,0.9608988870695725,0.9377243650866729,0.2381555370576935,1
0.5280172621116551,0.21499362586611315,0.9977338773145081,0.7509200703089383,0
0.5980434630344041,0.05647926599307628,0.9720835958244405,0.3133073915360115,0
0.4125185065783581,0.1694195705290872,0.9778040112307367,0.6563752779825607,0
0.3440184916269839,0.049508975670436745,0.9286123139385211,0.28430744846292555,0
0.6333362647693138,0.9606822829635052,0.9480759321419756,0.23915515457199157,1
0.4998958741620759,0.2075452507157084,0.9999999687160519,0.7367643005936596,0
0.4753672236090943,0.049733572852450315,0.9982485123567477,0.2852641141137846,0
0.622906330157088,0.9607329433728987,0.9559634843834406,0.23892152012155415,1
0.6281657265329295,0.9608897710829515,0.9520700917272161,0.238197643143973,1
0.5077866758214694,0.050009842985557475,0.9998250450318802,0.28643876793390005,0
0.6249315063012659,0.9443461932963452,0.9544844659857878,0.3099448944271158,0
0.5376865700254881,0.06806469747192742,0.9958980561194273,0.35865962146069713,0
0.407192284677232,0.11193283337322832,0.9750026381159231,0.5057185805388815,0
0.3498388765332855,0.09172612813549245,0.9339240761359114,0.442205314898711,0
0.36093499828644177,0.8560720926467683,0.9434565719350382,0.5944339244076493,1
0.5741299053593218,0.956328546922137,0.9840854758145005,0.2588795496439831,1
0.34428350789500733,0.9608164092419329,0.9288588644078468,0.23853638012831277,1
0.6467933507467949,0.9606412079862813,0.9368993070461478,0.23934451119269662,1
0.47142371190940496,0.9607666674466964,0.9976424938094611,0.23876593784668979,1
0.354206563149183,0.052864784743571,0.937768868583796,0.2984439139060766,0
0.6509364424237797,0.07972889628170468,0.9332289512219965,0.40122321836988895,0
0.347605937364951,0.049798208955582714,0.9319117618887833,0.28553914421773763,0
0.5291320188007671,0.9292434905819685,0.9975498556091824,0.36874047519627046,1
0.6466657953128718,0.05213684875131399,0.9370105850806869,0.29540570965805385,0
0.3885182288427568,0.9610288779002722,0.9638366489678127,0.23755477125282637,1
0.44222079679342924,0.1789328763328435,0.9903457548528267,0.6777370032788742,0
0.39040010476047665,0.2439853360898388,0.9650572648204785,0.8016051765007051,0
0.6073526531323584,0.9608232801637593,0.9664867409971277,0.23850466346581167,1
0.37217038594649754,0.5213509641034393,0.9523240070872666,0.9986842554562545,0
0.6409868163313507,0.08568316196236286,0.9418610076283657,0.4218942191857631,0
0.5442597527115831,0.049576674015869744,0.9943403303737204,0.2845959702609068,0
0.6505809189358784,0.9610390583322045,0.9335481752068018,0.237507693896695,1
0.4694314328744584,0.6584416171634002,0.9973021017475847,0.9263021692699605,1
0.3512432504270096,0.0495182532715515,0.9351734851489548,0.2843469967314043,0
0.6441978085614615,0.04956466458636211,0.9391434280030044,0.2845447978329474,0
0.36796676315623494,0.04964335845470917,0.9490981165487866,0.28488003372745846,0
0.6076784566607334,0.9608863970065443,0.9662813916290327,0.2382132269511747,1
0.6423086437331152,0.04958386558727703,0.9407501392104411,0.2846266115816482,0
0.6503580392696293,0.6559282814358616,0.9337478894171332,0.9286618681583588,1
0.3440213437879833,0.1665052721985826,0.9286149697565163,0.6496475399771385,1
0.6518188540278572,0.9608662206010312,0.932433166477199,0.23830640636050493,1
0.4642997499159425,0.20206785343353387,0.9963194166558056,0.7260445732145472,1
0.6238302884100383,0.5829696638541498,0.9552918308137204,0.9800448990933748,1
0.34670425378509245,0.9608847445604127,0.9310901836649887,0.2382208589253566,1
0.49761809342859037,0.05061446848307843,0.9999836297382918,0.2890014629070903,0
0.4897314539698148,0.34973496026286194,0.9996957343146207,0.9338311296566433,1
0.626189319094261,0.7981814117351402,0.9535531604108142,0.72555039460766,0
0.3525169975462338,0.04943529028694365,0.9362958820793299,0.2839932509629856,0
0.5722003873855265,0.7053861097616105,0.9849060485700887,0.8746069649985675,1
0.34743883359514083,0.04954196850757344,0.9317598942221789,0.2844480773087227,0
0.6391563457789536,0.5660368716098216,0.9433812579026901,0.9873803545738096,1
0.6383131264073691,0.11612377622028051,0.9440745179509429,0.5181151736028005,1
0.628315661614253,0.9495856557904975,0.9519565985854159,0.2881544608833204,1
0.5984864911089435,0.09634109181041468,0.9718290582932034,0.4572886423846456,0
0.5421856765101326,0.07442856747879786,0.9948589598880846,0.38223698897157077,0
0.6179713931872368,0.951672967040541,0.9594621727134307,0.27924735400902867,1
0.5171617035142442,0.9610469881642911,0.9991500162370733,0.2374710212194039,1
0.45439452640506556,0.049699587846754434,0.993990445907099,0.2851194549348596,0
0.6409107762727057,0.9593891401556983,0.9419245786010217,0.2450859828461208,1
0.519817561869452,0.05072710401555972,0.9988665072535241,0.289477650194206,0
0.4905825054160198,0.8366350725423557,0.9997440819170269,0.6422990993133793,1
0.34849299719539384,0.062623739665435,0.9327149683218854,0.3377733155682964,0
0.36862283636287557,0.9608414577302391,0.949608797731434,0.2384207458033133,1
0.6298017680365303,0.8548220996266125,0.9508241788576983,0.5976402632686846,1
0.3451709572017475,0.9596255155758892,0.9296812109585046,0.24400655957128708,1
0.40717114264628745,0.04984305232306318,0.9749911808861698,0.28572988031278646,0
0.6518561402163597,0.9609033885382122,0.9323994317417243,0.23813474392111691,1
0.3528384928750652,0.16065853197880214,0.9365775549385715,0.6358826471964193,0
0.5540368829883793,0.9611119007877496,0.9915582267772156,0.23717073207047398,1
0.6273724552014687,0.46660736625298915,0.9526682471198112,0.9967801978568835,1
0.5383436789513099,0.9606486773468801,0.9957536228281363,0.23931008205370877,1
0.3514816747025157,0.04982165530047986,0.9353843600872562,0.2856388781880046,0
0.4681211504752869,0.11202735078233449,0.9970657005557215,0.5060009371011683,0
0.34386514822976116,0.049425126897787296,0.9284694501478736,0.2839499007781267,0
0.401258817683454,0.9611360136444859,0.9716821944910217,0.23705914333345962,1
0.645334779848052,0.9607999487312785,0.9381656232820146,0.23861235565518302,1
0.5335581395637946,0.0807161975088296,0.9967481776925282,0.4046977428620329,1
0.35043703458765596,0.08659011561045435,0.9344577588249086,0.4249844697850454,0
0.43487137345026844,0.16970791954677444,0.9877260842595292,0.6570361860016136,1
0.6378597115730239,0.9604279087058494,0.9444454596400466,0.24032679223414977,1
0.6364276523356459,0.9286962489021932,0.9456086082155895,0.3707702669954212,0
0.44184435588661203,0.9404757672788423,0.990219260086808,0.3255533985951274,1
0.38135843697242383,0.07796070348755618,0.9589957964721968,0.3949525228760449,0
0.34932159642856453,0.9609837111043679,0.9334607237418246,0.23776358786503834,1
0.4914881611640109,0.05090033924998834,0.9997909393494545,0.29020929221319025,0
0.6508344319822531,0.9609042978400856,0.9333206283221924,0.23813054358900407,1
0.6518407944131174,0.9608739457812122,0.9324133169506137,0.2382707314982424,1
0.3934860023980983,0.13378366555490917,0.9670123802127126,0.5677243368149624,0
0.6364342523118223,0.9605980571698256,0.9456032769223395,0.23954336814402533,1
0.6479291809520075,0.929677432357791,0.9359038875639436,0.36712625877989036,1
0.6507925141649398,0.08134313517758834,0.9333582808432964,0.406894218830571,0
0.6418035540923498,0.9605039062585874,0.9411759125747404,0.2399770085264441,1
0.5094140720129413,0.20083527700230702,0.999744267909257,0.7235955066982939,1
0.424790041326793,0.04955387214540418,0.9836165697026584,0.2844988072501906,0
0.586945763557605,0.04950920505586164,0.9780764245967155,0.28430842631176945,0
0.577463343894228,0.05896594466915438,0.9826160796792441,0.32332635586420966,0
0.5746067567529083,0.9394552312483093,0.9838792992238434,0.32960366256999063,1
0.3672102754045915,0.049419799541349625,0.9485059591043077,0.28392717659036065,0
0.4091924920738954,0.16388298618915273,0.9760745087122673,0.6435184895454215,1
0.6212307576132918,0.9333318236937103,0.9571681367584332,0.35336508272885014,1
0.6463917759626475,0.9260807072308936,0.9372492893375213,0.3803823327632577,1
0.5942642278443109,0.04944634051422809,0.9742070790382069,0.28404038020464156,0
0.42412638785568946,0.04983634786228381,0.9833250279236672,0.2857013675575966,0
0.6473715364127318,0.22124077213425103,0.9363936151966792,0.7624266535133364,1
0.3986236210317148,0.05194837874231285,0.9701397682920301,0.29461657486186293,0
0.6245534293922714,0.056663460783465826,0.954762496414448,0.3140551800536791,0
0.43752860793524634,0.769469644959575,0.9887097782709358,0.7789346864387683,1
0.6378762449001125,0.049703580300492954,0.9444319561757334,0.28513645087784173,0
0.4989704943206793,0.9607090285746216,0.9999969418249907,0.2390318220324461,1
0.5640203534547645,0.7557708099779228,0.9881413964892047,0.802002820904674,0
0.6354824645319528,0.049525595226382134,0.9463693034190773,0.284378291917184,0
0.6519605316452253,0.960802855707224,0.9323049364260003,0.23859893890216902,1
0.35033007130804117,0.04989142174771516,0.934362491647582,0.285935545413347,0
0.5660334053686292,0.05115386536891033,0.9873816832304533,0.2912784201576866,0
0.5990111196576893,0.8308063816824182,0.971526114034154,0.6558567904052717,1
0.6242478539622515,0.6554311583820573,0.9549865679856511,0.9291238148879507,1
0.6519579772672282,0.9605040850693813,0.932307249480641,0.2399761852792239,1
0.5053740408488372,0.04950026073532084,0.99991666742092,0.2842702963058762,0
0.3449699161473543,0.049436338604236754,0.9294953587786305,0.28399772219929664,0
0.36436372972351433,0.8280766029347427,0.9462458984440043,0.6620858404440396,1
0.44413337679372544,0.9606826526909721,0.990975635719604,0.23915344982704786,1
0.4668126422651146,0.13770804657317737,0.9968196917040798,0.5782047748805781,0
0.6515630310064957,0.9609977150568668,0.9326643844346303,0.2376988527325743,1
0.3433860333987068,0.07589274229656712,0.9280221094484437,0.38753902352783376,0
0.6282488689401272,0.10782695618464282,0.9520071743547645,0.4933264057704767,0
0.6457197577357202,0.04982737790655176,0.9378326930799787,0.28566321795538724,0
0.3434096844235979,0.04945245417872315,0.9280442264302646,0.28406645338552866,0
0.6517401671616604,0.04952831848999243,0.9325043295340836,0.28438989944659476,0
0.34708356135654955,0.3572031769885627,0.9314364243079909,0.9403370982818391,0
0.6517572759583824,0.15177285632495072,0.9324888599790984,0.6142591535805556,1
0.5263287819119639,0.062322518354498216,0.9979989084930723,0.33659627710906054,0
0.36305033976810724,0.04947550934805516,0.9451861045603501,0.2841647673371773,0
0.6518736088461474,0.7258217243299772,0.9323836239322232,0.8473965117171547,1
0.3483666515678958,0.9610363412487359,0.9326008715927312,0.23752025889233702,1
0.5464633161176546,0.04961757952016196,0.9937619090236782,0.2847702363315675,0
0.5588137755259815,0.9608938963164512,0.9899961177142997,0.23817858938248407,1
0.5036067305488154,0.05342836087377169,0.9999624650624482,0.3007856286820059,0
0.3440062242511341,0.960941198140569,0.9286008904569856,0.23796006347815293,1
0.34334894806972166,0.04941994491457991,0.9279874223266629,0.28392779670096163,0
0.6516267489067418,0.9601990209280743,0.9326068338213515,0.24137894033986818,1
0.3536379847152442,0.0640716522016483,0.9372751859810462,0.34340016548416646,0
0.34554886311473654,0.24233988269288123,0.9300298674769887,0.7989098178235025,0
0.6484517096592953,0.3820839775639733,0.9354432141417461,0.9595005828609402,0
0.40393857327371263,0.04985417395802891,0.9732079383763275,0.2857771754227688,0
0.596580158273463,0.3675885728842837,0.9729159550659259,0.9488025237286429,1
0.40810325496968636,0.07808022492793296,0.9754937716576704,0.39537835510466846,0
0.6515616840655358,0.19484399138892736,0.9326656007260457,0.7114954404471756,0
0.4725913517932354,0.07907998010064948,0.9978313099856198,0.39892911802512265,0
0.40177825617952534,0.09914536020377049,0.9719813079670241,0.4662805804335467,0
0.45618275301806455,0.9608729269271994,0.994453079397066,0.23827543669455292,1
0.6448298933119524,0.9607247265430527,0.9386008349829101,0.2389594209639827,1
0.5450456673013729,0.1713942271614289,0.9941372741200318,0.6608842639993193,1
0.3433466128536933,0.9610096072024653,0.9279852378281727,0.23764387378151935,1
0.3678187766090023,0.5928447892245141,0.9489825562219107,0.9749825453665859,0
0.5669747678528699,0.9610779064197633,0.9870182532163185,0.23732801204117887,1
0.3446068409127578,0.8116402704649671,0.9291590603982028,0.6980275026713381,0
0.3532179737280746,0.4878850917296626,0.9369091905561906,0.9995764669581284,1
0.6413992066064582,0.9610242982602606,0.9415156098376762,0.2375759475732888,1
0.4332637578950593,0.04946225288027182,0.9871108328483627,0.2841082398935052,0
0.645591609352772,0.050362157872106884,0.9379436199994445,0.2879333902396088,0
0.5705174802817832,0.04970308335435542,0.985603828433627,0.2851343353962724,0
0.34397923839257727,0.9608657237491611,0.9285757576169515,0.2383087007427946,1
0.5427076342651007,0.13593212216021303,0.9947307976819244,0.5734854490705992,0
0.4731420844197344,0.2985453678977506,0.9979176286206359,0.8795054929597956,0
0.47800826258561546,0.8060117065150154,0.9986040697126133,0.7097405000041872,1
0.34509959272052854,0.9119198024326487,0.9296152676808809,0.4300290946683049,0
0.6241356242404039,0.9605787425140492,0.9550687192989069,0.23963235513158396,1
0.3582160538931021,0.049435862966792046,0.941192409149987,0.2839956935357953,0
0.3451337324288929,0.8616284542376205,0.9296468180219062,0.5799580969445921,1
0.35441147997573547,0.4773083482847307,0.9379462928843942,0.9985137703120095,0
0.5816988920499981,0.8813667111640066,0.9806542329877419,0.5254194946600265,1
0.5017838809885087,0.9561921884191233,0.9999908180016552,0.25948639830796466,1
0.36542936000119286,0.9574135081874925,0.9470978746163001,0.25402800082932403,1
0.5701539181295725,0.04945377438390646,0.985752380453744,0.28407208356490865,0
0.6342506256939041,0.0609896288669611,0.9473523477099766,0.3313609139898482,0
0.37176707853200236,0.049559350366629715,0.9520192457903183,0.28452215242291434,0
0.649080457916592,0.9609160822713908,0.9348866044519537,0.23807610497105464,1
0.35101814545553517,0.8509418072897019,0.9349740601975107,0.6074784046543154,0
0.4753924152648697,0.9610159540803327,0.9982520944249084,0.23761452910307762,1
0.4461628540166613,0.04942861968036067,0.9916206395000461,0.28396479899792954,0
0.3434103288493564,0.9608882646947636,0.9280448290074553,0.2382046007354624,1
0.34399562485934715,0.05729561489420261,0.9285910194412079,0.3166146333676738,0
0.5729869964621604,0.9467758888358532,0.9845741753169104,0.29993800243337854,0
0.41347111340407444,0.8084910991705865,0.9782872208227857,0.7046173134494329,1
0.6499063371582723,0.9610725049405354,0.9341516764203408,0.23735299867916787,1
0.3608341046264389,0.9388226708653606,0.9433733811596549,0.3321008553463871,0
0.347935103596525,0.29604949533297803,0.9322103959916935,0.8764080885251322,0
0.537573821510961,0.9596499467622827,0.9959225864739272,0.24389487458374265,1
0.6505525956987699,0.9608819329698147,0.9335735720939282,0.23823384427380492,1
0.3501270084438106,0.9608818714685099,0.9341814335405254,0.23823412831456797,1
0.6173149706077884,0.960717840122597,0.9599163213859407,0.23899118318900953,1
0.4377183796860991,0.43738801009457595,0.9887784464462552,0.9886587673366816,1
0.6507733435489289,0.8956781481532216,0.9333754970595158,0.4825477090472616,1
0.6490274235489742,0.9607506716942006,0.934933650660215,0.2388397379016901,1
0.648090114234937,0.049875271338337086,0.9357621891212964,0.2858668823596841,0
0.6111543837126178,0.049451975333620654,0.9640505420694921,0.2840644112777496,0
0.4857858529340983,0.049508060414780744,0.9994169515356821,0.2843035467966829,0
0.6494464002895934,0.04944981959976146,0.9345614953454587,0.28405521773563136,0
0.3673229067777036,0.9608946935879485,0.9485943488395925,0.23817490684385093,1
0.6516863003822413,0.9610000042389364,0.9325530230361125,0.2376882699663226,1
0.3780176496021759,0.04950337490957445,0.9566299100690266,0.2842835724369868,0
0.5635866716671923,0.9609493750592437,0.9883019517048839,0.23792227887146042,1
0.5662918253175767,0.9607456577893574,0.9872824339171937,0.23886286868077425,1
0.5793723187704382,0.9610290826241752,0.9817450168139709,0.23755382458772692,1
0.344922214181375,0.04957709886021302,0.9294512228735221,0.2845977804505776,0
0.3433539665455478,0.049761204705577974,0.9279921167861935,0.2853817047362909,0
0.34408391841772207,0.16901326053591717,0.9286732236573244,0.655442551335071,0
0.35426955641529523,0.9609058303446633,0.9378234385913213,0.2381234644289185,1
0.6516556187554126,0.9611076902985679,0.9325807498059552,0.23719021494086742,1
0.468777052346423,0.9609396452196184,0.9971852816773181,0.23796723905798212,1
0.581987422731429,0.0496024649835144,0.9805167232602401,0.28470585118473213,0
0.5693106778357809,0.9610674921149948,0.9860939347197974,0.2373761864421505,1
0.5210565681433796,0.04947497966388012,0.9987203000339953,0.2841625087927447,0
0.345486307453767,0.09065477468446438,0.9299722164744009,0.4386516017171699,0
0.6420082220966439,0.049855786797571494,0.9410035774054342,0.2857840337619486,0
0.343794587415731,0.960887731579009,0.9284036610051054,0.23820706302919897,1
0.6512958921593531,0.10754934132903252,0.932905385978176,0.4924794892100429,1
0.6517320355983552,0.9608695875455098,0.9325116813372456,0.23829085810106268,1
0.6514464425731421,0.9609268218522067,0.9327696214247272,0.23802648843261476,1
0.5403316726092424,0.04967516165949843,0.9953013950045436,0.28501546163981867,0
0.47662158762191287,0.9610791355431993,0.9984224144605112,0.23732232609666182,1
0.3714629064587841,0.9608094898792164,0.9517887320022964,0.2385683185691337,1
0.5278995436765518,0.20701208037974267,0.9977528900506232,0.7357324866773896,0
0.6482380404782859,0.864326152484217,0.9356317986047029,0.5727958957325732,1
0.6515449334435393,0.9609272923429655,0.9326807256208898,0.2380243146782232,1
0.43739334061662416,0.6240764571991078,0.988660703440924,0.9551119979451268,1
0.5178566355889889,0.9610256234008048,0.9990797704758844,0.23756982018764877,1
0.6516014005379153,0.9611035226387321,0.9326297317995054,0.23720949895651855,1
0.35049169282739,0.669218106297854,0.9345064123611069,0.9157232359403946,1
0.5413264576778716,0.9610493976877421,0.9950664850239055,0.23745987754303155,1
0.6488249547163403,0.9610806596377969,0.9351130947424514,0.23731527552995135,1
0.5601839529787656,0.3920060235413412,0.9895234206266771,0.9660819116982206,1
0.3433589575711455,0.04950651210253344,0.9279967854079751,0.28429694639918174,0
0.6518570033005446,0.9609969140093677,0.9323986507603454,0.23770255588467037,1
0.6127815277282077,0.0506037519924403,0.9629810513112036,0.28895613715422347,0
0.6519093906435706,0.06194232230309786,0.932351238012683,0.335107441416428,1
0.3993560705927449,0.9607581672452702,0.9705726734116364,0.23880515668508917,1
0.40120766947912595,0.2478446169264407,0.9716526536930696,0.8078440159133724,0
0.6041728635693079,0.04948577654896058,0.968457228202299,0.28420854442159577,0
0.6204500629330787,0.05712018043846035,0.9577235365479837,0.31590541256277693,0
0.3554094015592616,0.05026978481816091,0.9388065459784707,0.28754188003129977,0
0.3850079233891004,0.9270679047845388,0.9615023046878827,0.37677159791292103,1
0.6513615155417234,0.04960750536407605,0.9328462253041347,0.28472732305596915,0
0.42987802322622837,0.39375317051592906,0.9857653945525781,0.9671789384705347,0
0.6179152575942682,0.10369942644691432,0.9595011132929909,0.4806139873070605,1
0.650438756003653,0.9610675484888973,0.9336755985489602,0.2373759256794976,1
0.4794272922302167,0.05067618054282784,0.9987784533585099,0.2892624090359146,0
0.6375189224193425,0.05904761522373074,0.9447234162716586,0.3236526486615091,0
0.645771505377055,0.9609609896204913,0.937787870290629,0.23786860489246067,1
0.6470874479089692,0.9608065536621424,0.9366423481535504,0.23858187102520725,1
0.43370019677862465,0.06965849801143495,0.9872793636648,0.3646479382427183,0
0.344466964712578,0.09639080599427682,0.9290292754196692,0.457449176607847,0
0.5352301330855843,0.9610345163108607,0.9964157935106339,0.23752869805250865,1
0.5714705995717525,0.05008427309000106,0.9852106875759319,0.2867548352988296,0
0.5655129256098206,0.049932038713048174,0.9875803893394666,0.2861081923237869,0
0.3451204646320868,0.9607681838687712,0.9296345574209869,0.238758940979204,1
0.4389569695309442,0.9459996432397383,0.9892214411590488,0.3031530640728486,1
0.4990330367944414,0.8706206124863386,0.9999973021071138,0.5557336930715455,1
0.6381831327036054,0.7365609009075954,0.9441809979949701,0.8318918024011138,1
0.4210943712140467,0.07388174704367098,0.9819599582168115,0.38024538432536564,0
0.5929706726536,0.05131526957856086,0.9749142596755023,0.2919580711117621,0
0.6167867806272914,0.1756893999086495,0.9602798411544587,0.6705556775017537,0
0.6387535353319108,0.9608529699132404,0.9437129865432843,0.2383675926710025,1
0.3433436355715992,0.04951891876916157,0.9279824526526963,0.28434983349242554,0
0.6213104713066343,0.9548551476208322,0.9571112168405458,0.26540311951830875,1
0.5759011990778111,0.9595532389253668,0.983312852721725,0.24433683574056242,1
0.40003924564440657,0.9494260787093273,0.9709735470557039,0.2888299490478102,1
0.4840412968339007,0.9609654917287486,0.9992650234384381,0.23784779805676512,1
0.41534572336243436,0.050367479334954536,0.9792223552235032,0.28795593666658503,0
0.6511253723764663,0.9588669005278818,0.9330589847764479,0.24746350442578482,1
0.5191363320122725,0.9606033490887587,0.998943114343339,0.2395189845952079,1
0.38895338508321176,0.15611071028158913,0.9641208086477834,0.6249234128099107,0
0.3434800736377827,0.24759340087957174,0.9281100289119297,0.8074414253385781,0
0.3433503816314586,0.05089872620325455,0.9279887633473849,0.2902024838066678,0
0.35943099377040244,0.9253852264533382,0.9422098575074369,0.38291374890370794,1
0.34369973085762984,0.35510368796476743,0.9283151689449279,0.9385436738561844,0
0.5649869921242758,0.9610411391208393,0.9877795618514011,0.23749807121744732,1
0.4917767010141803,0.04961473533368394,0.9998048734901188,0.2847581211540833,0
0.6511382102180917,0.049954181846461825,0.9330474272855778,0.2862022930311247,0
0.38868274544259357,0.07429754851442748,0.9639442144778456,0.3817603696733458,0
0.6294234183752293,0.12328773223563803,0.9511137788083701,0.5387380875089463,0
0.5784720887337484,0.0496549851435624,0.9821584770006955,0.2849295473613065,0
0.3646470084587791,0.8295551603115029,0.9464730709633475,0.6587213726659401,1
0.6340364615499504,0.9610681820576065,0.9475222937553982,0.23737299504093912,1
0.6384744751847475,0.0705924737158525,0.9439422075584416,0.3681307671506485,1
0.495630491815729,0.8516195836857503,0.9999449096949865,0.6057724115100466,1
0.36551969479429447,0.8320888292957023,0.9471697727308923,0.6529040425366885,1
0.478336531769856,0.9610738691240548,0.9986454455524564,0.2373466882251829,1
0.618782169813501,0.10172437683308883,0.958897598650609,0.4744380272125784,0
0.3622354637428287,0.9604643343097322,0.9445231601273887,0.24015916839247775,1
0.628950923517549,0.9608538942181848,0.9514741970166343,0.23836332482357592,1
0.572955730478056,0.049790354720039516,0.9845874361655116,0.2855057308238778,0
0.6016630321200822,0.0727826903332348,0.9699694666124075,0.3762233351474932,1
0.6492097105139841,0.9404025230267282,0.9347718712658102,0.3258449765150644,1
0.6349328223738462,0.9055002805240545,0.9468091011654018,0.4513135735466115,1
0.6144859489524849,0.9587312939396031,0.9618435045785068,0.24807922361030985,1
0.34336530292140377,0.04966851252091564,0.928002720639362,0.2849871501012653,0
0.3829019318142293,0.9598114283679007,0.9600658077270354,0.24315611596390707,1
0.6238820323555321,0.9534186414450998,0.9552540614088734,0.2716933633815175,1
0.6208074352584387,0.049516528088525906,0.957469759238339,0.2843396428747499,0
0.3438870940451086,0.7634813731497088,0.9284899053878453,0.7892027862563412,1
0.5694776276343525,0.051603977298289784,0.9860266439721549,0.2931718556068943,0
0.395075477489603,0.049990598847868106,0.9679969433802139,0.28635702036089017,0
0.5759888640446233,0.17828676768259832,0.9832741328731516,0.6763147520723702,1
0.6479953036853732,0.960771876776079,0.9358456876845078,0.23874190130285194,1
0.6112490251766254,0.9583003433003797,0.9639887765255808,0.2500315056351863,1
0.5752798469090626,0.9390042800808871,0.9835859904520365,0.33138493970974714,1
0.49349870378990907,0.09688619115254471,0.9998780402065577,0.4590466129513464,0
0.38516049232597416,0.050144040951804615,0.9616053215079479,0.28700851784292014,0
0.6518190266533865,0.11828024895315838,0.9324330103143539,0.5243972072367891,0
0.531049684364269,0.05009341500510169,0.9972164541061663,0.2867936448435574,0
0.46929996859947826,0.1640526633026747,0.997278831846123,0.6439172554984811,0
0.6410622892360857,0.8654240304265906,0.9417978749626734,0.5698555568115664,1
0.3473410008622651,0.04970019364052943,0.9316708991701739,0.28512203384052326,0
0.6153116348265946,0.6049446707810096,0.9612860745567666,0.9679845584869047,0
0.4641751435807976,0.9611048592886559,0.9962936566821944,0.23720331426900998,1
0.3549290386603847,0.5614368029469574,0.9383932349540524,0.9890815789403351,0
0.5649157834756778,0.04946696785499217,0.9878064039599005,0.2841283458268833,0
0.6509484193612,0.9609488369069963,0.9332181831772115,0.23792476569050852,1
0.6475807762119165,0.05821148103025787,0.9362100896631411,0.32030386858530063,0
0.5986924844464916,0.19170503074655196,0.971710305492141,0.7050246570353176,0
0.3438734065245473,0.049723858623611505,0.9284771478947952,0.2852227685260965,0
0.3455060685022424,0.9611131901021037,0.9299904308612266,0.23716476598919778,1
0.535804234673444,0.21548994712958786,0.9962979260523375,0.7518463498849519,1
0.4319477768401953,0.04967277007676825,0.9865958910143391,0.2850052786136667,0
0.6506920747751663,0.049462556850178065,0.9334484547631203,0.28410953612435225,0
0.6495222446220996,0.9605655007232609,0.9344940078653294,0.2396933548439374,1
0.6515697311383529,0.9607493072794646,0.9326583340257044,0.23884603248732553,1
0.650114055306885,0.7820648050184928,0.9339661530657628,0.7563792672837397,1
0.6462188564726832,0.9601624774399288,0.9373996793778054,0.2415467395622424,1
0.4804098823005894,0.960931858343817,0.9988923825408341,0.23800321846730696,1
0.6458596633865986,0.9608276556159714,0.9377114706620194,0.23848446512507865,1
0.4711037772312255,0.2961931139283898,0.9975893803127558,0.8765874880479742,1
0.3489793705904787,0.14029125803177653,0.933153242352638,0.5850010822149816,0
0.6418237154698165,0.04944099076500155,0.9411589479042685,0.2840175639814843,0
0.3549153702294093,0.049491398719847944,0.9383814531721765,0.2842325147505563,0
0.34436748087898666,0.9609499540431219,0.928936892675448,0.23791960335568454,1
0.3449164067854449,0.1993447020922291,0.9294458486296484,0.7206155614975887,0
0.564354844850942,0.877185605741761,0.9880168092409001,0.5373970090330505,1
0.6471837940209576,0.6935159296903781,0.9365580497091474,0.8890731460076946,1
0.3437611589917412,0.4867915727690188,0.9283724820616708,0.9994965489237202,0
0.6470550519468455,0.8709102788978078,0.9366706799651114,0.554936446353873,1
0.6511824066550053,0.9609402248071846,0.9330076306675312,0.23796456096930607,1
0.3578590189903891,0.0604365393446278,0.9408916507534755,0.32917538543558356,0
0.4256187086145784,0.0496116144976767,0.9839769510927869,0.28474482726762296,0
0.6487115841293719,0.3651695917774677,0.9352134594647443,0.9468908402848291,1
0.4751712242992567,0.96098046805703,0.9982205172996359,0.2377785782063831,1
0.3596081751895038,0.12508931468884202,0.9423574645313191,0.5438151286311863,0
0.5903867344674034,0.9563874352019981,0.9762969519098977,0.25861727529327094,1
0.6127993050853473,0.7946363289139678,0.9629692777395705,0.732526591579645,1
0.6510738114605732,0.9607354541546643,0.9331053928465263,0.23890993840725513,1
0.4590839109639977,0.9607970498145665,0.9951640867108169,0.23862573488954686,1
0.5498000637152209,0.7611988262288856,0.9928322203612541,0.7930409831023355,1
0.400866439624944,0.1989876756393968,0.9714551733181843,0.7198988200699865,0
0.6377381526137302,0.9609250923210896,0.9445446895418911,0.2380344791134034,1
0.5551065520112701,0.9611378786757337,0.9912200177553722,0.23705051146373937,1
0.6158178456798016,0.23033312728122124,0.9609422713336894,0.7785915673576211,1
0.35259630786314233,0.059993755297344326,0.9363654292055876,0.3274201295194871,0
0.450193694168379,0.04985823474755552,0.9928304203882341,0.28579444312177693,0
0.6516335348026168,0.9609730210329148,0.9326007032154517,0.23781299906287,1
0.6146978279418494,0.06925275391792268,0.9617008587860851,0.3631288674433927,0
0.3449965265375079,0.14502762075336809,0.929519973540309,0.5972557463949568,0
0.42304231947322285,0.04957123838982254,0.9828432024808182,0.2845728094927946,0
0.5831192197497155,0.9607732252092465,0.9799725570763073,0.23873567928228495,1
0.37697497651660805,0.09582973328212804,0.9558774961940435,0.4556350117827459,0
0.34923052185351966,0.049478058883065876,0.9333789681105333,0.2841756382949916,0
0.6498187268660786,0.9353263540320824,0.9342298434726759,0.34572471596593773,1
0.34617521984587046,0.28980880991490393,0.930605738847224,0.868474145385904,1
0.3940139638694748,0.05804909734931357,0.9673411064913977,0.319651384002582,0
0.48650178660526916,0.9608600389949193,0.9994742129577379,0.2383349513525128,1
0.34420130249037856,0.9610098505360478,0.9287824349367402,0.23764274876156422,1
0.6519270824089115,0.04973409214937707,0.9323352222802301,0.28526632425820075,0
0.6494600459002858,0.8463855546262373,0.9345493559557068,0.6188120259094452,1
0.3482380581393598,0.04989135369553789,0.9324846408071099,0.28593525610790704,0
0.37495037275939697,0.04954695015940615,0.9543974217758981,0.2844693082296346,0
0.6518809793806616,0.9469893542211155,0.9323769535652492,0.29905085508278517,1
0.537136234762328,0.9608229589862324,0.9960170921225848,0.2385061460843672,1
0.5126160476249829,0.24416991158344611,0.9995406991318202,0.8019062003199382,1
0.5885679104343055,0.3753727127141529,0.9772463325863183,0.9547082518835641,1
0.34412064310588353,0.3131311803384812,0.9287074008788919,0.8967548652765834,0
0.5410812719760398,0.0494868486773382,0.9951249174127064,0.2842131155545262,0
0.502305302447492,0.9610647910932886,0.999984665772718,0.23738868012202208,1
0.3640483292902761,0.05007898647258967,0.9459923781380137,0.28673239122827116,0
0.4467588255016923,0.9608391673282125,0.9918054811190087,0.23843132025856514,1
0.3640713853198997,0.5491143242904236,0.9460109316779803,0.9930285770137217,0
0.6437861515551663,0.04949848188586855,0.9394954495085618,0.2842627127051531,0
0.649803304885272,0.9606286045691251,0.9342435981291517,0.2394026003350623,1
0.35214272722993817,0.04966870468684419,0.9359671482907268,0.28498796834848705,0
0.3939226570528007,0.06617587891102315,0.9672843763200628,0.3514879330007724,0
0.34420407321299357,0.04999275895947596,0.9287850116855686,0.28636619690439535,0
0.6517244564183499,0.9611035085224342,0.9325185333483832,0.23720956427234885,1
0.344625581197318,0.5147265040172581,0.9291764391902064,0.9993741551792168,0
0.6442907794414283,0.049592183758848725,0.9390637779013973,0.2846620510630734,0
0.35710788989551523,0.9476844864254199,0.9402563027114089,0.29615283206165827,0
0.6481616351283135,0.049428360407690976,0.9356991638657264,0.2839636931013601,0
0.6436186795776986,0.04964082320521554,0.9396383552208432,0.28486923651778556,0
0.34813996533654534,0.05902102927986925,0.9323959077250608,0.32354645067715976,0
0.4301662292724616,0.05034744815231784,0.9858825488790035,0.2878710624016491,0
0.5669531052621285,0.04950832931724881,0.9870266749772356,0.2843046931104083,0
0.3460761752522194,0.961097158756531,0.9305148439128013,0.23723894373347432,1
0.38474202759244985,0.9560658353736515,0.961322428889358,0.26004814710379576,1
0.6236721832494898,0.05828730946810598,0.9554071343669386,0.32060832205171225,0
0.6196426788564632,0.9596401804145189,0.9582939961289371,0.2439395232380173,1
0.562532217177491,0.04959791197108073,0.988687724261462,0.284686454818868,0
0.6111077829074276,0.9608472920925042,0.964080935018671,0.2383938084868218,1
0.46173143559865143,0.9608700408537668,0.9957702599669919,0.2382887647293741,1
0.6043225780981197,0.9578769483055006,0.9683658211237496,0.25194302913088473,1
0.616876937747043,0.9493513033737745,0.9602179122583512,0.2891462088846209,1
0.45913189729089693,0.18876770493804199,0.9951754358392064,0.6988864646819003,0
0.3515285698823996,0.049543249333936445,0.9354257942984354,0.2844535360372444,0
0.4021364556949978,0.04969776538416966,0.972186630055068,0.2851116965190065,0
0.38866408503680827,0.9464401752290712,0.9639320220509543,0.3013305676196955,1
0.34463797468401014,0.10242725800080427,0.9291879310505431,0.4766429340359165,0
0.5128829118330169,0.7950363802168082,0.9995210604883661,0.7317449381547165,1
0.5897544281671098,0.04952289434370495,0.9766292365075565,0.2843667795588659,0
0.5570415116805266,0.21450226474467093,0.9905912365961567,0.7500009735449136,1
0.6051343620712077,0.04997648841811401,0.967867837440701,0.2862970732242484,0
0.35569063618285235,0.6744916711788113,0.9390478497520041,0.9102712792963241,0
0.3564677132773396,0.5038585294193504,0.939712006235041,0.9999570411667986,1
0.3925385119638067,0.049502358569864034,0.9664182153294134,0.2842792396808996,0
0.6519403380130676,0.9608139543988498,0.9323232211442944,0.2385477114194495,1
0.5931004224380505,0.96088743122374,0.974843777541927,0.23820845027076804,1
0.3466882585776509,0.04948583757396899,0.9310755627393824,0.2842088046091309,0
0.6516478316032721,0.06429309656815473,0.9325877860485018,0.344256264764995,0
0.6512212794013784,0.9541682861834123,0.9329726175041637,0.2684192721208417,1
0.35353047403695465,0.049466609889543794,0.9371816077759345,0.28412681938887163,0
0.46055189880712244,0.9610327913119201,0.9955052226368355,0.2375366749416306,1
0.6057531786562339,0.9610337002312158,0.9674855559800217,0.23753247185279078,1
0.6332894024096091,0.9454418241998672,0.9481128769521248,0.3054529226495426,1
0.5507759611014709,0.92533867478745,0.9925480530427656,0.38308282616556477,1
0.5214083700559542,0.2235785829938615,0.9986771685401985,0.7666482648773778,0
0.5764252970407193,0.9608831863084147,0.9830806935779726,0.23822805575926312,1
0.5475900010680358,0.4590058609504487,0.9934552421534171,0.9951455987182609,0
0.6519486916843977,0.9160333252724624,0.932315657464,0.41600407241175513,0
0.3930581189596557,0.049491799065441905,0.9667447296687866,0.2842342216015054,0
0.6519274621300125,0.9560822287470909,0.9323348785102689,0.25997529533975133,1
0.35627989231349755,0.049522598318137566,0.9395518265495203,0.2843655177531786,0
0.6098199838588996,0.0889944353204658,0.9649156209891734,0.43310443723398573,0
0.5831450688520619,0.9607579078201129,0.9799600400951693,0.23880635359598623,1
0.4873637600959196,0.28363783440246343,0.9995392275549955,0.8603603870154023,0
0.5412673822520763,0.04979205215200619,0.9950805957555718,0.28551295217775324,0
0.4189551203447981,0.24707913966260903,0.9809640989423963,0.806615762567586,0
0.6199948442116118,0.4540488720844865,0.9580456635173742,0.9938988757110978,1
0.6499643115421273,0.9609058533076433,0.9340999241561889,0.23812335835441445,1
0.3438475051930467,0.04954782827549781,0.9284530032056495,0.2844730505266199,0
0.350098773341285,0.04954889381039454,0.9341562374117272,0.2844775915209295,0
0.633896545060137,0.1662123692248401,0.9476331679111663,0.6489665029662088,0
0.5766826395217356,0.9607682791816878,0.9829661047463896,0.2387585011964306,1
0.3733681364524304,0.5498482401591824,0.9532231748799194,0.992818322342511,0
0.6394855938734001,0.2893939886359018,0.9431093566273925,0.8679371342390833,1
0.6268533674798444,0.9609889094534042,0.9530575558794697,0.23773955868621494,1
0.6311823188865332,0.9607650681880351,0.9497599490882653,0.2387733168320767,1
0.555534972157548,0.9533073670229532,0.9910826849745807,0.27217779426620015,1
0.38153550784519896,0.9608425589542416,0.9591192883153737,0.23841566153958707,1
0.6304783376176256,0.47017667142682557,0.9503041041724596,0.9974321209241408,0
0.3624210678585847,0.04963596746895355,0.9446745233623051,0.28484855618872523,0
0.35778108084786464,0.38958754561307346,0.9408258909604656,0.9645328613141976,0
0.5022644194901573,0.3332884842891588,0.9999852048358573,0.9182509784809164,1
0.6488097032677556,0.9607234019118409,0.935126601283406,0.23896553069903861,1
0.346517743261934,0.04960625926198954,0.9309195965246916,0.28472201477049586,0
0.37093844749005395,0.927021876033417,0.9513899331921776,0.37694041104088893,1
0.4870128177546945,0.04957467708094838,0.9995132754537376,0.28458746158595416,0
0.35405955142098033,0.04944145482082541,0.9376414174324648,0.2840195431747042,0
0.344792146967668,0.2858675561663006,0.9293308052886292,0.8633230980578768,1
0.6435969405342521,0.049597237926320974,0.9396568924534381,0.2846835832553845,0
0.5773658674074386,0.049691175593077334,0.9826599796477327,0.2850836422350755,0
0.35990216078638304,0.0818165456229487,0.9426019453991172,0.4085477807911311,0
0.5373969670767563,0.6580170724215852,0.9959609155391751,0.9267036025950353,1
0.6508360049353571,0.9608137450786391,0.933319215205863,0.23854867760830073,1
0.5949225136303732,0.9606974349690005,0.9738433539024984,0.23908528720001904,1
0.6504019009854319,0.9606932099153866,0.9337086114704654,0.23910477021528648,1
0.5926089276287639,0.9610359276734793,0.9751102339395408,0.23752217142229257,1
0.4471109313270658,0.5030902965202578,0.9919137130766496,0.9999724445438063,0
0.6245099270663321,0.2898892219858197,0.9547944307567182,0.8685781040573592,1
0.5175384072727496,0.04948041591912167,0.9991122842417524,0.28418568827946894,0
0.3867628658984533,0.9586549944846113,0.9626787062277999,0.24842536495130282,1
0.35447575371261264,0.25278949199867395,0.9380018888286079,0.815669502438578,0
0.562921594058707,0.9536510146410796,0.9885460298656668,0.2706804334039773,1
0.6023555706942808,0.39490054168019273,0.9695559856491324,0.9678893307629259,0
0.3435143638194282,0.9607856479932014,0.9281420731794612,0.2386783540585758,1
0.6516639583429089,0.9609039178232133,0.93257321397163,0.23813229900228403,1
0.47207888290436845,0.1899753466887674,0.9977494117254687,0.7014198842188326,1
0.3773653598817837,0.2197899714944808,0.9561599863867705,0.7597838116116912,0
0.35646062585890503,0.9608583315127162,0.9397059658876622,0.2383428357870341,1
0.3502691523220044,0.049566850027141084,0.9343082015501036,0.28455411037011613,0
0.3858862405799554,0.9606966169456319,0.9620934162212202,0.23908905940936587,1
0.583473634294858,0.8632362074829639,0.9798005923788471,0.5757003196949491,1
0.648448553871336,0.049458423319204095,0.935446001542826,0.28409190910249216,0
0.6414160015797576,0.35611423613236687,0.941501520592317,0.9394103655239766,0
0.6519461027466653,0.29447782602371,0.9323180016181896,0.8744355159177198,1
0.3753865566579222,0.1819396640700012,0.9547184220492586,0.6843019714647882,0
0.4384935390594923,0.9610763013899445,0.9890567428730463,0.2373354368468679,1
0.5307426543097693,0.9609000617927344,0.9972712658654443,0.23815011086385768,1
0.4012216532466578,0.049684052132925746,0.971660731620138,0.2850533145047583,0
0.5590385511120786,0.8209458882373689,0.989919325938525,0.6780034165028586,0
0.6126354532594224,0.04972523917844869,0.9630777206155193,0.2852286446031481,0
0.5864944830395229,0.16542930819179452,0.9783045709935119,0.6471413965887984,0
0.5244501141317404,0.049865877254928616,0.9982744023905101,0.2858269400009248,0
0.5561496873901671,0.9609744748734038,0.9908837607634591,0.2378062794409203,1
0.6425082920249061,0.049753481039676924,0.9405814007967495,0.2853488381078382,0
0.6233670195711902,0.9610117173081482,0.9556292508586983,0.23763411791704278,1
0.6446786187856289,0.9609962463059737,0.9387309207939742,0.23770564258315852,1
0.34365894538633146,0.05464905407568436,0.9282771023256297,0.30582678234735233,0
0.3823747312110447,0.049726629901079095,0.9597019683630401,0.2852345638987008,0
0.4059528784574502,0.05931020315119334,0.9743264689522062,0.3247005757844943,0
0.6518159884382477,0.9610935597399524,0.9324357587580241,0.23725559517902103,1
0.5102291515421313,0.7433747553520346,0.999698064582838,0.8216110002171282,1
0.36486691354527945,0.04950479801680701,0.9466490770934775,0.2842896392297829,0
0.47211732670648154,0.9585580638870298,0.9977556082187473,0.24886479632279945,1
0.6349064638353102,0.06273376366559168,0.9468301447673313,0.3382026837250326,0
0.6142536429660745,0.19062194496122212,0.9619995884736976,0.70277070899685,0
0.6514463389462624,0.9585186049070548,0.9327697149237264,0.24904358441675387,1
0.5845314268898302,0.07137743816464666,0.979282908619566,0.37104308263814045,0
0.35089574808889423,0.04995259942024283,0.9348654912700594,0.2861955687581085,0
0.6177834900031037,0.09273475091916228,0.959592443225493,0.4455327799693037,1
0.5246200088998978,0.7389834568576241,0.9982503282588697,0.8282764789543742,1
0.5611578552365796,0.9416576182784131,0.9891807509084389,0.320829344062326,1
0.5590377448359077,0.049481726248948726,0.9899196019211188,0.2841912752201813,0
0.3798275114718386,0.2534595951512021,0.9579201078617081,0.8167155473047139,0
0.3445017628934553,0.9608086335793787,0.929061574802127,0.23857227095610709,1
0.44564940628011734,0.13892996780879047,0.9914597299081387,0.5814296193218822,1
0.6518800818018926,0.9610733233966576,0.9323777658965509,0.23734921266513379,1
0.34392681884971743,0.960788616847049,0.9285269242232408,0.23866465333906328,1
0.6500178517091357,0.9269299371128784,0.9340521112750015,0.37727746716719973,1
0.41655801269328346,0.09284027609307063,0.9798159780594571,0.4458798984858042,0
0.6511613454246841,0.9525108135419762,0.9330265967694276,0.27563390858303194,1
0.6480502310359384,0.960945546607755,0.9357973207254315,0.23793997002824052,1
0.6086541677542494,0.7945947567767071,0.9656625715690651,0.73260773748187,0
0.37042438140805317,0.04961253679627674,0.9509973867574129,0.28474875603211236,0
0.6476800810697384,0.9610703111016421,0.9361228919117432,0.23736314681090964,1
0.3909180597882489,0.9516751903661337,0.965389449853903,0.27923779460179105,1
0.6152429279854352,0.7616391389078346,0.9613326177869697,0.7923038065684771,1
0.5227465919508931,0.9608146680415127,0.9985065622959929,0.23854441734562726,1
0.34947407901944255,0.9608326400201652,0.9335974861316522,0.23846145479343023,1
0.3520567811530263,0.04952242748185209,0.9358915340076468,0.2843647895641903,0
0.5006390654356094,0.050674410024765235,0.9999988215930076,0.28925492408735654,0
0.38767830977621387,0.04948533957434051,0.9632849244865817,0.2842066813238925,0
0.6486195892743019,0.9610017441273386,0.935294840874251,0.23768022642039005,1
0.6493917114934118,0.6588530854448468,0.934610135677761,0.9259119972079253,1
0.5777287381309008,0.06434401883947828,0.9824962707663327,0.3444529627579917,0
0.34781205394583115,0.85724675161359,0.9320988405850363,0.5914041516707351,1
0.5394683770469475,0.9603056619968137,0.9955005961066734,0.24088898091127706,1
0.6410798612386263,0.8738476476721416,0.9417831709547171,0.546790770297832,0
0.3521802038020283,0.9560797240031725,0.9360001050844458,0.25998642696006274,1
0.5765676780432903,0.04950726456942733,0.9830173428756845,0.2843001541467328,0
0.4600549848421363,0.8257308964063786,0.9953911494392278,0.6673781191161573,1
0.4035318799830539,0.04948584045095324,0.9729791556402362,0.2842088168755,0
0.3760979990536178,0.9552771220842745,0.9552394813538616,0.2635423257061025,1
0.5279457025638762,0.05865598640263812,0.9977454444769589,0.32208642079272826,0
0.6232402543891179,0.050125745550069795,0.9557213499506556,0.28693087516391336,0
0.5523800069731709,0.9610727143453381,0.9920689116713975,0.23735203001696628,1
0.6197325783239821,0.9610509588817311,0.9582306748727332,0.2374526571408428,1
0.6075828148518726,0.9608196387492731,0.9663417399089711,0.2385214727187052,1
0.5989273667842082,0.9610730184680357,0.971574587604105,0.23735062320686198,1
0.34370895358973425,0.9609871256882084,0.9283237753938722,0.2377478041929634,1
0.6193459793193266,0.17775348533309507,0.9585026272750945,0.67513776420991,0
0.6106572340207077,0.8199155384874575,0.9643741022891676,0.6802617811542078,1
0.343752294686755,0.08543469822090084,0.9283642130587288,0.42104499487543146,0
0.3763600376769471,0.049526347458140094,0.9554306137223498,0.28438149822232983,0
0.3512685038455827,0.0494670209990102,0.9351958376366174,0.2841285724435292,0
0.6294411420996856,0.9606269137948881,0.9511002323184259,0.23941039265155026,1
